timestamp,source_ip,destination_ip,protocol,packet_size,bytes_sent,bytes_received,flag,is_anomaly
2025-07-23 23:41:05,61.254.77.207,96.176.135.165,ICMP,1261,3539,4485,RST,0
2025-07-23 23:41:05,241.237.164.58,177.51.91.181,TCP,416,821,3728,,0
2025-07-23 23:41:05,83.199.83.253,42.123.216.78,ICMP,337,2774,1694,FIN,0
2025-07-23 23:41:05,219.99.27.128,199.182.150.22,ICMP,251,4269,4497,ACK,1
2025-07-23 23:41:05,251.199.216.64,149.192.121.91,UDP,361,2627,439,RST,0
2025-07-23 23:41:05,0.114.183.101,100.222.10.7,ICMP,1172,2175,2973,ACK,1
2025-07-23 23:41:05,209.12.237.192,120.171.239.246,UDP,1493,1659,1659,FIN,0
2025-07-23 23:41:05,31.224.135.33,194.75.185.170,TCP,634,429,1345,ACK,0
2025-07-23 23:41:05,232.146.208.36,134.48.253.157,UDP,1130,3285,1156,SYN,1
2025-07-23 23:41:05,34.182.245.137,28.94.63.12,UDP,371,457,4814,,1
2025-07-23 23:41:05,77.13.29.208,134.46.183.110,ICMP,1467,3007,94,FIN,1
2025-07-23 23:41:05,156.122.121.168,114.131.79.180,ICMP,845,3072,368,FIN,0
2025-07-23 23:41:05,181.170.14.119,12.192.11.96,ICMP,330,2718,2530,FIN,0
2025-07-23 23:41:05,166.2.22.88,147.191.155.95,ICMP,682,911,3871,ACK,0
2025-07-23 23:41:05,8.30.107.155,80.1.3.1,UDP,324,4797,3831,ACK,0
2025-07-23 23:41:05,206.151.51.94,66.170.132.27,ICMP,831,333,59,FIN,0
2025-07-23 23:41:05,201.183.24.185,93.124.214.124,UDP,189,3838,4341,,1
2025-07-23 23:41:05,179.170.227.75,20.97.143.229,UDP,1315,1272,2220,SYN,0
2025-07-23 23:41:05,246.81.89.33,249.88.86.153,TCP,273,3231,2482,RST,0
2025-07-23 23:41:05,254.185.224.210,233.168.60.187,TCP,1375,481,1857,,0
2025-07-23 23:41:05,217.20.71.165,131.115.127.141,ICMP,1302,2482,2889,ACK,0
2025-07-23 23:41:05,236.224.30.186,94.59.81.46,ICMP,337,3902,4867,,0
2025-07-23 23:41:05,62.41.105.167,252.129.156.198,UDP,1354,1987,2209,,0
2025-07-23 23:41:05,6.187.19.237,216.83.161.172,ICMP,987,2280,800,SYN,0
2025-07-23 23:41:05,84.76.248.148,59.241.148.79,UDP,848,2455,2889,ACK,0
2025-07-23 23:41:05,154.27.70.22,182.115.102.251,TCP,194,1566,2584,ACK,0
2025-07-23 23:41:05,184.223.149.121,253.212.241.91,UDP,546,276,4014,ACK,0
2025-07-23 23:41:05,195.84.243.127,214.130.219.230,UDP,1149,3157,4062,,0
2025-07-23 23:41:05,198.132.8.8,147.238.39.190,TCP,679,1024,1782,ACK,0
2025-07-23 23:41:05,114.251.193.140,12.157.29.52,ICMP,584,2667,501,SYN,1
2025-07-23 23:41:05,53.192.251.86,104.198.61.200,UDP,1030,23,1114,RST,0
2025-07-23 23:41:05,184.178.197.144,107.234.191.184,UDP,208,1685,1158,RST,0
2025-07-23 23:41:05,14.199.134.33,138.176.4.15,ICMP,708,2673,4434,SYN,0
2025-07-23 23:41:05,140.6.189.168,41.46.111.197,ICMP,1226,359,2807,RST,0
2025-07-23 23:41:05,222.38.73.106,165.33.193.248,UDP,794,287,393,RST,0
2025-07-23 23:41:05,143.198.99.81,22.182.86.120,ICMP,151,3076,1251,RST,0
2025-07-23 23:41:05,48.133.238.159,31.170.40.113,TCP,237,4544,799,,0
2025-07-23 23:41:05,33.47.203.112,92.237.52.211,ICMP,318,994,1029,,1
2025-07-23 23:41:05,233.171.25.89,95.13.217.74,ICMP,666,2702,4306,FIN,0
2025-07-23 23:41:05,193.213.44.105,118.157.173.113,UDP,1322,4293,67,RST,1
2025-07-23 23:41:05,232.9.207.10,127.99.105.138,ICMP,326,318,3496,SYN,0
2025-07-23 23:41:05,70.110.3.132,10.145.249.50,TCP,585,4270,1264,ACK,0
2025-07-23 23:41:05,132.5.104.121,77.255.106.147,ICMP,1059,4583,4398,RST,0
2025-07-23 23:41:05,215.215.136.191,143.61.54.197,UDP,1493,3443,3749,,0
2025-07-23 23:41:05,35.82.56.189,246.47.73.223,ICMP,1247,659,1995,FIN,1
2025-07-23 23:41:05,75.171.146.209,0.162.182.172,UDP,852,3264,234,RST,1
2025-07-23 23:41:05,152.132.18.102,34.82.188.178,ICMP,944,4280,315,FIN,0
2025-07-23 23:41:05,13.33.183.74,39.255.233.73,ICMP,1457,2805,1115,,1
2025-07-23 23:41:05,116.158.53.152,143.82.129.58,ICMP,94,435,695,,0
2025-07-23 23:41:05,24.87.106.45,193.123.8.217,UDP,192,113,219,,0
2025-07-23 23:41:05,93.71.250.177,134.93.174.170,ICMP,410,1922,4289,RST,1
2025-07-23 23:41:05,2.125.47.109,183.67.123.83,TCP,825,3347,1215,ACK,0
2025-07-23 23:41:05,255.189.206.135,139.61.29.61,ICMP,40,2794,2461,FIN,0
2025-07-23 23:41:05,48.193.93.104,63.135.217.66,TCP,185,4067,4322,RST,0
2025-07-23 23:41:05,143.30.217.11,250.65.103.136,ICMP,821,2590,1955,SYN,1
2025-07-23 23:41:05,19.62.214.72,20.169.240.203,UDP,617,4152,3555,SYN,1
2025-07-23 23:41:05,34.6.4.61,232.29.111.182,UDP,1156,4432,779,RST,0
2025-07-23 23:41:05,174.92.137.254,216.110.9.90,TCP,448,2335,1638,RST,0
2025-07-23 23:41:05,234.150.129.97,92.42.184.66,UDP,395,2174,2094,RST,0
2025-07-23 23:41:05,117.81.101.133,175.203.9.184,TCP,854,2145,4205,FIN,0
2025-07-23 23:41:05,133.245.2.121,184.225.66.73,TCP,269,3856,1236,SYN,0
2025-07-23 23:41:05,138.189.160.158,70.219.138.92,TCP,342,4428,2826,ACK,0
2025-07-23 23:41:05,234.228.246.201,4.164.45.213,TCP,449,4331,617,SYN,0
2025-07-23 23:41:05,236.154.254.81,250.196.246.1,ICMP,166,4250,3953,RST,0
2025-07-23 23:41:05,190.20.61.8,202.38.115.124,ICMP,739,813,4361,,0
2025-07-23 23:41:05,9.74.231.123,58.120.33.232,ICMP,433,1330,2050,SYN,1
2025-07-23 23:41:05,211.126.163.24,150.242.251.109,UDP,472,3044,3619,RST,0
2025-07-23 23:41:05,123.67.128.93,56.156.250.207,UDP,1368,3326,1645,FIN,0
2025-07-23 23:41:05,195.159.10.61,175.79.254.37,UDP,179,610,3720,ACK,0
2025-07-23 23:41:05,173.188.209.108,100.170.249.114,UDP,345,4884,1651,,0
2025-07-23 23:41:05,235.114.224.162,75.87.105.103,TCP,515,2658,3830,ACK,0
2025-07-23 23:41:05,171.57.116.88,18.22.29.26,ICMP,582,504,1151,FIN,0
2025-07-23 23:41:05,215.111.156.10,81.72.221.231,UDP,1048,1219,2836,RST,0
2025-07-23 23:41:05,65.117.150.195,67.189.171.14,UDP,1384,2030,898,FIN,0
2025-07-23 23:41:05,87.162.188.24,83.180.188.207,UDP,227,2195,2664,RST,0
2025-07-23 23:41:05,125.227.160.24,0.20.236.70,TCP,874,3802,3904,FIN,0
2025-07-23 23:41:05,134.31.1.176,210.90.191.158,ICMP,1324,4499,108,ACK,0
2025-07-23 23:41:05,20.44.14.93,81.115.10.13,UDP,834,1285,86,FIN,0
2025-07-23 23:41:05,171.201.252.12,151.215.31.143,ICMP,1194,4633,4123,ACK,0
2025-07-23 23:41:05,237.232.63.19,129.96.235.133,UDP,346,1965,845,RST,1
2025-07-23 23:41:05,8.158.134.117,194.19.235.166,ICMP,979,574,475,RST,0
2025-07-23 23:41:05,180.19.115.40,32.206.119.114,ICMP,573,4757,3570,RST,0
2025-07-23 23:41:05,51.34.57.192,47.151.130.71,ICMP,511,2499,566,,1
2025-07-23 23:41:05,77.84.195.27,26.56.98.25,UDP,173,2739,4841,RST,0
2025-07-23 23:41:05,68.16.96.103,212.224.81.113,UDP,408,2459,661,ACK,0
2025-07-23 23:41:05,25.89.29.81,30.218.59.208,ICMP,1498,513,4720,SYN,1
2025-07-23 23:41:05,182.17.156.169,40.75.69.37,TCP,475,2882,1785,,0
2025-07-23 23:41:05,180.19.127.71,138.2.192.40,TCP,1475,4698,4640,FIN,0
2025-07-23 23:41:05,27.164.225.202,224.19.191.56,ICMP,193,4767,3522,RST,0
2025-07-23 23:41:05,204.46.187.65,53.195.92.7,ICMP,354,2853,4753,ACK,0
2025-07-23 23:41:05,75.228.54.173,112.121.58.100,TCP,517,4738,4295,FIN,0
2025-07-23 23:41:05,156.212.79.250,20.144.37.70,ICMP,728,2611,4964,,0
2025-07-23 23:41:05,107.81.56.11,82.210.246.140,ICMP,636,3759,2908,FIN,0
2025-07-23 23:41:05,132.103.225.186,88.138.113.42,UDP,1210,1914,4753,SYN,1
2025-07-23 23:41:05,215.5.34.171,178.83.60.196,UDP,778,1355,247,FIN,0
2025-07-23 23:41:05,9.190.234.211,115.242.126.113,UDP,472,2808,3488,ACK,0
2025-07-23 23:41:05,162.10.141.215,22.200.103.160,ICMP,197,591,509,ACK,1
2025-07-23 23:41:05,211.75.184.99,7.197.146.215,TCP,584,3059,3901,RST,1
2025-07-23 23:41:05,107.37.204.54,55.27.237.27,ICMP,1413,2503,35,FIN,1
2025-07-23 23:41:05,20.71.177.250,5.44.234.40,UDP,432,2186,3229,RST,0
2025-07-23 23:41:05,176.117.209.154,179.210.121.223,UDP,1109,3477,3865,RST,1
2025-07-23 23:41:05,180.213.245.14,38.242.25.237,ICMP,56,3591,2389,ACK,0
2025-07-23 23:41:05,211.180.123.108,227.255.159.42,TCP,774,2416,332,ACK,1
2025-07-23 23:41:05,42.182.222.134,99.142.222.107,UDP,1388,2047,2298,SYN,0
2025-07-23 23:41:05,126.35.208.35,198.226.14.132,UDP,388,4597,2372,SYN,0
2025-07-23 23:41:05,12.199.127.221,33.141.126.19,TCP,440,3357,19,SYN,0
2025-07-23 23:41:05,199.110.65.26,162.164.253.242,ICMP,729,3861,2880,ACK,0
2025-07-23 23:41:05,5.218.0.79,218.5.46.132,TCP,707,2533,4675,FIN,0
2025-07-23 23:41:05,167.34.124.7,35.179.48.2,ICMP,948,2172,3144,FIN,0
2025-07-23 23:41:05,215.23.248.243,247.247.210.77,TCP,1424,4894,3309,FIN,0
2025-07-23 23:41:05,130.74.97.101,171.20.70.125,UDP,952,3687,2079,SYN,0
2025-07-23 23:41:05,107.228.7.219,170.93.224.8,UDP,796,52,1490,ACK,0
2025-07-23 23:41:05,247.226.182.184,81.122.51.83,ICMP,305,781,3368,SYN,0
2025-07-23 23:41:05,13.22.173.166,99.172.239.179,TCP,43,1269,4075,FIN,0
2025-07-23 23:41:05,242.82.5.38,81.53.200.14,TCP,481,3609,2216,,1
2025-07-23 23:41:05,229.27.170.161,57.234.185.237,TCP,636,4802,2365,RST,0
2025-07-23 23:41:05,159.36.239.23,14.13.167.160,TCP,944,376,1397,RST,0
2025-07-23 23:41:05,82.123.68.89,76.205.248.227,ICMP,829,981,3746,RST,0
2025-07-23 23:41:05,6.127.118.196,120.221.183.38,ICMP,1272,580,930,FIN,0
2025-07-23 23:41:05,249.52.186.133,56.175.239.80,ICMP,436,3108,3801,SYN,0
2025-07-23 23:41:05,1.12.46.156,246.125.253.185,ICMP,1222,2071,599,SYN,0
2025-07-23 23:41:05,104.21.45.130,62.11.135.185,TCP,1431,1843,1532,,0
2025-07-23 23:41:05,118.205.0.86,27.32.70.204,UDP,660,1404,1065,SYN,0
2025-07-23 23:41:05,150.123.83.5,160.3.242.187,TCP,775,1219,173,ACK,0
2025-07-23 23:41:05,90.7.159.198,127.218.32.91,UDP,103,4514,3830,RST,0
2025-07-23 23:41:05,217.12.103.241,151.141.31.92,UDP,402,4261,384,,0
2025-07-23 23:41:05,181.72.216.242,135.139.239.221,ICMP,710,1173,244,,0
2025-07-23 23:41:05,247.19.108.167,21.31.153.50,UDP,1402,1658,4766,SYN,0
2025-07-23 23:41:05,174.34.92.73,29.121.17.170,ICMP,783,2502,4816,FIN,0
2025-07-23 23:41:05,31.124.20.13,81.202.51.54,UDP,383,1807,3231,,0
2025-07-23 23:41:05,23.43.137.104,188.176.239.129,UDP,790,686,3753,FIN,0
2025-07-23 23:41:05,1.133.99.10,162.195.93.64,ICMP,1452,2640,2238,RST,0
2025-07-23 23:41:05,230.41.188.176,79.51.90.156,TCP,406,2962,3223,FIN,0
2025-07-23 23:41:05,214.222.24.94,220.171.49.254,ICMP,290,287,3382,FIN,0
2025-07-23 23:41:05,17.114.133.209,177.71.211.75,TCP,650,2622,4082,FIN,0
2025-07-23 23:41:05,241.151.242.102,230.17.95.163,TCP,1398,2797,4447,SYN,0
2025-07-23 23:41:05,230.138.40.36,89.12.197.37,TCP,440,3258,4025,RST,0
2025-07-23 23:41:05,151.185.154.90,22.247.142.150,UDP,1497,3436,1256,RST,0
2025-07-23 23:41:05,115.97.167.216,123.137.220.248,ICMP,1466,1411,3524,RST,1
2025-07-23 23:41:05,60.242.25.116,172.122.237.80,UDP,476,3602,1383,FIN,0
2025-07-23 23:41:05,121.206.240.182,59.1.100.6,ICMP,1377,2538,690,ACK,0
2025-07-23 23:41:05,69.245.133.130,187.108.36.238,ICMP,112,2561,1899,,0
2025-07-23 23:41:05,170.6.3.24,93.204.3.40,TCP,336,2483,155,,0
2025-07-23 23:41:05,230.244.25.253,220.159.29.80,TCP,748,3199,2250,RST,0
2025-07-23 23:41:05,0.88.242.200,104.185.72.105,ICMP,382,2938,400,ACK,0
2025-07-23 23:41:05,168.64.144.42,114.245.190.96,ICMP,439,285,94,,0
2025-07-23 23:41:05,147.25.88.252,99.44.153.45,ICMP,771,2826,2497,FIN,0
2025-07-23 23:41:05,168.35.132.49,115.45.169.66,UDP,1061,801,4481,SYN,0
2025-07-23 23:41:05,204.59.100.191,168.166.178.23,UDP,316,844,3862,ACK,0
2025-07-23 23:41:05,68.120.81.131,169.1.9.244,UDP,1500,2567,4909,ACK,1
2025-07-23 23:41:05,224.16.61.157,145.54.11.76,TCP,1165,470,1808,FIN,0
2025-07-23 23:41:05,108.54.9.203,110.33.50.87,ICMP,1312,1893,1522,RST,0
2025-07-23 23:41:05,225.215.108.184,49.30.239.2,UDP,1423,4787,2635,RST,0
2025-07-23 23:41:05,67.145.146.66,150.44.166.212,ICMP,1405,1656,3856,,0
2025-07-23 23:41:05,143.175.230.67,194.149.8.51,TCP,824,3009,116,SYN,0
2025-07-23 23:41:05,99.128.213.88,109.187.243.36,UDP,1148,4848,1918,RST,1
2025-07-23 23:41:05,167.150.6.242,149.94.103.133,UDP,1045,1344,4923,,0
2025-07-23 23:41:05,23.74.183.193,219.237.247.197,ICMP,579,4545,898,FIN,1
2025-07-23 23:41:05,68.228.120.249,54.40.155.245,TCP,356,4035,3523,,0
2025-07-23 23:41:05,1.185.189.9,189.102.18.223,TCP,1272,4907,3932,FIN,0
2025-07-23 23:41:05,242.117.38.115,176.118.50.47,ICMP,999,3326,4803,SYN,1
2025-07-23 23:41:05,222.183.206.39,80.170.26.159,ICMP,491,4722,2708,SYN,0
2025-07-23 23:41:05,253.10.142.171,8.147.125.92,ICMP,265,1007,322,FIN,0
2025-07-23 23:41:05,2.40.95.97,50.111.160.212,ICMP,1231,943,2860,RST,0
2025-07-23 23:41:05,28.36.0.242,217.178.3.223,ICMP,602,971,2756,,1
2025-07-23 23:41:05,114.254.144.182,59.138.112.181,UDP,857,1629,3878,FIN,0
2025-07-23 23:41:05,135.161.114.238,53.183.201.82,UDP,84,1132,1018,SYN,1
2025-07-23 23:41:05,65.179.142.249,73.200.126.174,UDP,211,2202,4648,ACK,0
2025-07-23 23:41:05,24.245.59.195,43.8.37.28,TCP,751,3774,1657,FIN,0
2025-07-23 23:41:05,47.99.97.23,23.137.151.108,UDP,1201,1580,2497,RST,0
2025-07-23 23:41:05,112.235.55.164,7.130.130.45,ICMP,353,1189,4008,SYN,0
2025-07-23 23:41:05,222.68.64.68,86.135.83.165,TCP,1477,2666,3689,RST,0
2025-07-23 23:41:05,244.172.124.91,48.182.34.206,ICMP,976,2134,3656,RST,0
2025-07-23 23:41:05,254.253.198.90,123.161.49.2,UDP,985,810,3329,,0
2025-07-23 23:41:05,67.5.247.205,56.132.96.9,TCP,989,829,727,,0
2025-07-23 23:41:05,108.119.139.203,100.209.171.139,TCP,1399,2750,496,,0
2025-07-23 23:41:05,117.161.220.19,249.191.41.112,ICMP,1014,1844,4474,ACK,0
2025-07-23 23:41:05,55.27.133.124,239.193.178.116,UDP,328,1978,1502,ACK,0
2025-07-23 23:41:05,34.12.111.143,126.107.114.175,TCP,790,84,1441,FIN,1
2025-07-23 23:41:05,192.121.88.26,37.148.198.240,TCP,1318,1380,3894,,0
2025-07-23 23:41:05,228.156.10.7,174.11.56.50,ICMP,1133,3571,4336,ACK,0
2025-07-23 23:41:05,66.89.68.161,145.169.188.76,UDP,441,2617,4419,FIN,0
2025-07-23 23:41:05,183.195.245.136,15.243.53.32,TCP,71,318,4592,SYN,0
2025-07-23 23:41:05,116.21.236.95,219.24.191.135,ICMP,97,752,3673,,0
2025-07-23 23:41:05,69.37.128.41,34.31.197.64,UDP,483,1022,2464,SYN,0
2025-07-23 23:41:05,129.221.188.19,254.248.109.238,TCP,547,1148,1318,,0
2025-07-23 23:41:05,170.40.207.141,11.115.132.64,TCP,1248,3635,1295,SYN,0
2025-07-23 23:41:05,212.143.26.188,247.76.93.29,ICMP,1185,2662,9,RST,0
2025-07-23 23:41:05,152.209.94.82,96.179.93.143,TCP,1013,2191,4944,SYN,0
2025-07-23 23:41:05,35.120.161.68,47.214.5.14,UDP,48,4553,2581,RST,0
2025-07-23 23:41:05,110.76.83.31,7.232.240.242,UDP,1086,3083,4508,SYN,0
2025-07-23 23:41:05,103.217.233.117,197.184.51.122,TCP,1268,732,356,ACK,0
2025-07-23 23:41:05,190.58.171.72,115.173.182.41,UDP,1205,408,4362,ACK,0
2025-07-23 23:41:05,25.186.146.128,71.148.83.79,UDP,142,2655,4246,FIN,0
2025-07-23 23:41:05,97.151.210.64,158.217.176.251,UDP,172,4151,1250,FIN,0
2025-07-23 23:41:05,161.62.243.138,126.123.39.68,ICMP,159,2300,4298,SYN,0
2025-07-23 23:41:05,147.95.119.187,18.148.108.24,UDP,150,2129,676,,0
2025-07-23 23:41:05,34.195.246.193,122.58.94.33,UDP,1430,1696,3892,RST,0
2025-07-23 23:41:05,45.180.60.234,67.78.175.164,ICMP,225,3168,3406,SYN,0
2025-07-23 23:41:05,99.225.93.72,161.100.147.230,TCP,771,2391,4740,RST,0
2025-07-23 23:41:05,167.219.105.202,63.65.232.140,ICMP,829,429,4274,ACK,0
2025-07-23 23:41:05,84.90.17.226,136.28.195.115,TCP,842,1860,3428,,0
2025-07-23 23:41:05,49.118.30.21,104.40.104.74,TCP,1496,3859,1193,SYN,0
2025-07-23 23:41:05,96.148.167.187,56.156.231.161,UDP,427,2992,1855,ACK,1
2025-07-23 23:41:05,60.63.26.136,68.105.185.104,ICMP,760,4254,3467,SYN,0
2025-07-23 23:41:05,116.78.91.220,141.180.90.149,TCP,955,2003,4319,RST,0
2025-07-23 23:41:05,183.0.167.196,135.144.38.199,UDP,993,1143,2768,,0
2025-07-23 23:41:05,14.34.103.90,116.19.235.153,ICMP,340,482,1084,SYN,0
2025-07-23 23:41:05,43.99.43.201,67.165.179.207,ICMP,786,1203,2624,FIN,0
2025-07-23 23:41:05,32.172.120.95,98.162.104.112,TCP,1048,4476,429,,1
2025-07-23 23:41:05,229.3.253.206,101.59.243.162,ICMP,1106,4576,4366,RST,1
2025-07-23 23:41:05,49.128.255.11,164.113.199.81,TCP,128,1811,4035,SYN,0
2025-07-23 23:41:05,37.255.23.226,61.51.168.85,UDP,400,4581,4200,ACK,0
2025-07-23 23:41:05,198.44.45.215,124.49.99.44,ICMP,685,2576,3790,FIN,1
2025-07-23 23:41:05,174.96.104.3,116.155.253.204,TCP,1180,1315,4839,ACK,0
2025-07-23 23:41:05,173.173.52.216,95.205.196.129,UDP,582,3924,3378,ACK,1
2025-07-23 23:41:05,109.228.207.0,205.189.230.147,ICMP,1494,1074,4676,RST,0
2025-07-23 23:41:05,227.3.22.8,63.47.164.216,ICMP,512,3475,1778,ACK,0
2025-07-23 23:41:05,49.21.131.194,135.35.9.255,ICMP,859,3836,2217,FIN,0
2025-07-23 23:41:05,99.168.199.7,199.139.137.125,UDP,526,112,1746,,0
2025-07-23 23:41:05,107.23.61.132,205.0.81.6,UDP,703,4528,1666,FIN,0
2025-07-23 23:41:05,191.197.227.9,231.67.242.190,UDP,1227,4382,4033,FIN,0
2025-07-23 23:41:05,226.114.28.213,169.207.3.143,ICMP,895,4082,3721,ACK,0
2025-07-23 23:41:05,240.57.174.149,237.6.130.9,ICMP,341,1837,1436,ACK,0
2025-07-23 23:41:05,126.168.239.251,87.88.61.219,ICMP,577,1467,4626,RST,0
2025-07-23 23:41:05,207.94.185.222,221.69.73.220,TCP,719,3879,3588,ACK,0
2025-07-23 23:41:05,186.121.254.65,210.158.183.14,ICMP,1114,819,4930,,0
2025-07-23 23:41:05,18.52.167.201,62.243.74.59,TCP,187,494,2984,ACK,0
2025-07-23 23:41:05,74.34.117.26,236.247.62.144,TCP,890,1215,1708,RST,0
2025-07-23 23:41:05,144.82.36.127,149.187.117.48,TCP,1288,2669,3429,RST,0
2025-07-23 23:41:05,224.161.139.12,129.111.209.44,TCP,248,227,2813,RST,0
2025-07-23 23:41:05,115.184.213.108,107.164.41.142,UDP,1157,1665,4601,ACK,0
2025-07-23 23:41:05,41.87.3.154,177.221.107.5,TCP,515,4967,2684,RST,0
2025-07-23 23:41:05,142.183.248.216,98.96.33.222,TCP,47,4463,3697,ACK,1
2025-07-23 23:41:05,185.84.163.243,171.206.151.108,TCP,218,215,1419,FIN,0
2025-07-23 23:41:05,207.33.181.248,147.139.10.81,UDP,1454,2551,3302,RST,0
2025-07-23 23:41:05,86.94.25.127,169.214.187.171,ICMP,1418,464,509,FIN,1
2025-07-23 23:41:05,174.70.121.146,155.120.217.15,TCP,1068,2442,4139,RST,0
2025-07-23 23:41:05,230.27.151.127,146.187.153.206,TCP,1271,1984,1265,FIN,0
2025-07-23 23:41:05,177.23.39.223,158.173.74.33,UDP,845,4698,4960,,0
2025-07-23 23:41:05,47.241.73.221,218.139.96.204,UDP,1286,4251,200,RST,1
2025-07-23 23:41:05,145.162.9.31,189.212.55.60,UDP,510,3494,4761,RST,0
2025-07-23 23:41:05,177.13.120.220,100.68.40.218,UDP,641,1992,493,FIN,0
2025-07-23 23:41:05,200.118.32.112,84.20.204.93,ICMP,1500,3864,961,ACK,0
2025-07-23 23:41:05,2.156.210.191,24.220.188.253,TCP,200,4265,4526,,0
2025-07-23 23:41:05,244.100.253.81,194.177.101.237,UDP,592,670,4,SYN,0
2025-07-23 23:41:05,237.83.103.14,132.195.200.183,UDP,1309,4057,4117,,0
2025-07-23 23:41:05,222.45.159.200,73.17.96.226,TCP,1079,2732,420,SYN,0
2025-07-23 23:41:05,235.110.25.70,240.184.148.214,ICMP,1288,380,3926,SYN,1
2025-07-23 23:41:05,155.194.64.245,98.156.228.152,TCP,646,776,4920,,1
2025-07-23 23:41:05,104.198.37.130,212.221.61.194,UDP,83,3894,3879,FIN,0
2025-07-23 23:41:05,253.158.61.162,85.199.115.189,UDP,251,4321,1087,RST,0
2025-07-23 23:41:05,233.247.82.179,99.23.79.186,UDP,1050,1685,3439,FIN,0
2025-07-23 23:41:05,19.240.90.166,200.139.78.233,TCP,129,2496,4657,,0
2025-07-23 23:41:05,39.71.199.194,87.186.247.4,UDP,480,2391,90,SYN,1
2025-07-23 23:41:05,233.15.164.172,94.130.247.51,UDP,614,3833,4115,FIN,0
2025-07-23 23:41:05,131.22.70.161,103.199.105.192,ICMP,1154,125,648,SYN,0
2025-07-23 23:41:05,8.16.93.55,171.77.227.73,TCP,851,4783,90,ACK,0
2025-07-23 23:41:05,186.207.19.239,128.228.23.55,UDP,399,3460,3950,FIN,1
2025-07-23 23:41:05,187.72.201.67,130.146.179.140,ICMP,43,3695,3713,,0
2025-07-23 23:41:05,145.114.247.40,66.243.26.169,TCP,1052,3953,4575,ACK,0
2025-07-23 23:41:05,27.56.5.181,59.50.96.81,TCP,1298,4601,4071,SYN,0
2025-07-23 23:41:05,85.172.217.228,170.138.54.116,ICMP,496,2927,2556,FIN,0
2025-07-23 23:41:05,146.218.152.94,111.111.229.110,UDP,1437,4501,1185,,0
2025-07-23 23:41:05,244.109.250.3,80.81.154.7,ICMP,922,1807,4483,RST,0
2025-07-23 23:41:05,229.197.66.64,163.30.88.159,ICMP,687,451,1146,ACK,0
2025-07-23 23:41:05,79.217.177.239,129.117.250.116,ICMP,508,2711,2361,ACK,0
2025-07-23 23:41:05,103.253.94.68,20.6.42.64,UDP,1333,947,3965,ACK,1
2025-07-23 23:41:05,27.10.195.197,235.52.50.52,UDP,139,2561,2110,FIN,0
2025-07-23 23:41:05,27.90.135.223,156.238.128.180,ICMP,1009,1221,492,RST,0
2025-07-23 23:41:05,158.71.91.171,109.49.21.225,ICMP,664,466,3979,SYN,0
2025-07-23 23:41:05,56.153.163.6,123.217.62.118,UDP,461,2399,2556,FIN,0
2025-07-23 23:41:05,128.121.138.47,224.145.153.104,UDP,833,1579,857,ACK,0
2025-07-23 23:41:05,153.162.118.189,74.81.93.41,ICMP,269,114,4749,ACK,0
2025-07-23 23:41:05,147.144.2.49,118.4.238.210,ICMP,1339,884,3900,FIN,0
2025-07-23 23:41:05,146.150.244.216,28.148.248.141,TCP,1414,2834,3830,RST,0
2025-07-23 23:41:05,169.255.153.27,145.250.145.124,UDP,142,3506,3883,FIN,1
2025-07-23 23:41:05,148.38.145.51,127.144.88.195,UDP,144,4345,3264,SYN,0
2025-07-23 23:41:05,174.127.69.151,119.50.116.101,TCP,1106,3341,541,ACK,0
2025-07-23 23:41:05,235.2.61.149,7.78.218.47,UDP,1343,863,1116,FIN,0
2025-07-23 23:41:05,184.70.217.163,235.198.162.8,UDP,385,3330,4876,SYN,0
2025-07-23 23:41:05,14.27.31.131,88.218.248.32,ICMP,1433,4617,2544,SYN,0
2025-07-23 23:41:05,150.233.38.78,27.88.230.74,UDP,332,644,4600,ACK,0
2025-07-23 23:41:05,127.105.90.68,132.26.112.44,UDP,115,4491,18,ACK,0
2025-07-23 23:41:05,123.137.213.64,61.132.193.81,ICMP,1224,424,2435,SYN,0
2025-07-23 23:41:05,53.221.172.65,194.245.129.161,ICMP,632,1195,466,FIN,1
2025-07-23 23:41:05,60.220.252.34,144.12.219.113,TCP,1448,4872,1059,,0
2025-07-23 23:41:05,42.27.78.225,231.189.106.118,ICMP,188,2859,267,FIN,0
2025-07-23 23:41:05,146.162.96.208,189.121.87.32,ICMP,226,4840,1506,SYN,0
2025-07-23 23:41:05,119.6.244.212,65.107.206.252,UDP,965,1348,1985,FIN,0
2025-07-23 23:41:05,225.140.169.146,245.61.149.248,TCP,734,3672,2122,FIN,1
2025-07-23 23:41:05,241.255.16.102,58.144.249.237,UDP,721,4295,4070,ACK,0
2025-07-23 23:41:05,184.4.167.106,229.228.103.15,TCP,1051,4664,3418,RST,1
2025-07-23 23:41:05,163.38.119.183,252.20.170.119,ICMP,258,4819,442,,0
2025-07-23 23:41:05,204.193.190.47,45.216.59.246,TCP,1368,17,2301,,0
2025-07-23 23:41:05,133.120.100.47,82.3.203.91,ICMP,690,3436,1587,FIN,0
2025-07-23 23:41:05,62.123.27.250,173.61.1.90,TCP,889,1804,4286,,0
2025-07-23 23:41:05,35.96.11.150,29.136.100.115,ICMP,757,2088,1528,SYN,0
2025-07-23 23:41:05,223.183.142.90,244.35.113.197,UDP,1044,647,637,,0
2025-07-23 23:41:05,131.83.163.219,163.13.31.155,UDP,819,579,848,FIN,0
2025-07-23 23:41:05,30.93.130.197,13.151.155.218,ICMP,395,2115,1957,ACK,0
2025-07-23 23:41:05,60.144.166.196,120.171.214.167,ICMP,720,4337,1218,FIN,0
2025-07-23 23:41:05,5.4.171.154,136.80.254.68,ICMP,1139,1298,4723,ACK,0
2025-07-23 23:41:05,159.195.86.103,240.135.106.194,UDP,345,4775,903,,1
2025-07-23 23:41:05,145.81.28.218,254.208.9.49,ICMP,1379,4402,225,FIN,0
2025-07-23 23:41:05,195.131.152.212,89.181.165.2,TCP,580,4790,454,,1
2025-07-23 23:41:05,18.23.116.15,18.189.116.26,ICMP,610,4790,978,RST,0
2025-07-23 23:41:05,75.104.190.182,45.238.133.119,ICMP,330,631,4026,,0
2025-07-23 23:41:05,93.239.119.232,3.49.158.43,UDP,744,70,3758,RST,1
2025-07-23 23:41:05,177.41.35.146,164.196.24.54,TCP,339,3116,1558,FIN,0
2025-07-23 23:41:05,199.200.232.177,85.226.1.155,UDP,639,1827,4319,RST,0
2025-07-23 23:41:05,35.135.11.99,4.124.191.47,ICMP,151,3760,3249,FIN,0
2025-07-23 23:41:05,110.63.236.73,49.104.41.249,ICMP,718,3864,1845,RST,1
2025-07-23 23:41:05,35.250.190.221,224.184.129.126,TCP,461,1063,119,,0
2025-07-23 23:41:05,86.226.143.85,27.156.71.40,TCP,1417,551,2937,RST,1
2025-07-23 23:41:05,212.223.238.89,242.123.37.79,UDP,604,1593,3880,ACK,1
2025-07-23 23:41:05,166.39.47.126,137.38.173.187,UDP,991,3992,2888,ACK,0
2025-07-23 23:41:05,103.92.185.38,65.185.222.166,UDP,351,208,269,ACK,0
2025-07-23 23:41:05,77.23.46.202,82.252.58.33,ICMP,402,4375,2108,RST,0
2025-07-23 23:41:05,82.248.240.16,143.231.239.40,TCP,44,357,2377,SYN,0
2025-07-23 23:41:05,83.168.82.210,243.169.122.110,UDP,1083,4869,1680,FIN,0
2025-07-23 23:41:05,114.29.186.110,79.218.122.125,ICMP,523,3926,3906,FIN,0
2025-07-23 23:41:05,101.78.214.11,6.81.104.156,ICMP,1356,3199,4197,,0
2025-07-23 23:41:05,212.228.51.203,253.202.128.82,TCP,414,1225,4240,SYN,0
2025-07-23 23:41:05,221.251.14.51,244.172.69.233,ICMP,959,3536,4617,SYN,0
2025-07-23 23:41:05,109.229.50.26,204.90.110.204,ICMP,222,205,2482,FIN,0
2025-07-23 23:41:05,248.195.145.158,146.75.39.94,TCP,289,4903,3903,ACK,0
2025-07-23 23:41:05,247.132.144.8,196.17.84.91,ICMP,1284,3540,435,SYN,0
2025-07-23 23:41:05,241.129.140.108,173.150.238.10,TCP,222,4144,3852,FIN,0
2025-07-23 23:41:05,156.227.38.25,18.74.14.253,UDP,692,125,4199,,0
2025-07-23 23:41:05,191.144.170.125,227.86.5.240,TCP,675,1687,2780,,0
2025-07-23 23:41:05,82.120.208.78,35.65.212.62,TCP,811,3934,469,ACK,0
2025-07-23 23:41:05,72.232.73.117,52.212.122.135,UDP,197,4302,4787,SYN,1
2025-07-23 23:41:05,87.57.254.84,128.139.34.125,UDP,591,4169,3727,ACK,0
2025-07-23 23:41:05,199.53.140.238,220.42.121.65,ICMP,331,4588,4148,,0
2025-07-23 23:41:05,69.141.16.173,233.183.40.221,UDP,919,201,4847,SYN,0
2025-07-23 23:41:05,118.210.127.173,91.136.184.143,ICMP,825,3819,257,ACK,0
2025-07-23 23:41:05,200.156.227.139,178.160.106.155,TCP,455,4689,4587,,0
2025-07-23 23:41:05,215.144.72.24,89.177.145.239,ICMP,464,2600,3095,FIN,0
2025-07-23 23:41:05,67.62.89.111,71.165.248.171,UDP,1467,1868,3393,RST,0
2025-07-23 23:41:05,67.130.197.150,255.251.179.255,ICMP,1101,1915,4090,,0
2025-07-23 23:41:05,9.198.226.40,74.254.187.13,ICMP,620,78,3777,RST,0
2025-07-23 23:41:05,193.14.183.118,16.248.43.34,TCP,442,4535,3060,FIN,1
2025-07-23 23:41:05,99.127.196.30,0.249.239.230,TCP,1317,3031,494,RST,0
2025-07-23 23:41:05,102.220.100.128,246.252.154.15,TCP,525,4391,406,,0
2025-07-23 23:41:05,228.74.253.90,4.33.194.7,UDP,434,2295,3091,ACK,0
2025-07-23 23:41:05,214.45.55.178,57.106.73.96,ICMP,1377,1751,169,FIN,0
2025-07-23 23:41:05,64.27.156.217,226.105.40.239,UDP,328,1143,4407,FIN,1
2025-07-23 23:41:05,64.153.5.106,36.136.107.165,UDP,675,2442,3385,FIN,0
2025-07-23 23:41:05,232.204.69.42,149.38.159.89,TCP,1034,3740,2582,,0
2025-07-23 23:41:05,214.7.28.174,130.238.91.179,UDP,344,4939,3105,,0
2025-07-23 23:41:05,172.250.62.177,33.58.173.131,ICMP,774,2713,3703,SYN,0
2025-07-23 23:41:05,240.55.46.243,162.153.117.4,TCP,1379,896,1058,SYN,1
2025-07-23 23:41:05,123.29.102.13,246.152.115.226,ICMP,419,4345,3536,RST,0
2025-07-23 23:41:05,6.42.54.84,184.234.233.220,ICMP,993,1956,237,,0
2025-07-23 23:41:05,100.152.218.191,200.48.40.151,UDP,1254,4784,1045,FIN,1
2025-07-23 23:41:05,180.245.68.254,137.177.60.57,TCP,699,3758,1136,SYN,0
2025-07-23 23:41:05,169.102.64.167,101.143.116.154,ICMP,799,3988,223,RST,1
2025-07-23 23:41:05,71.210.205.248,145.101.41.10,TCP,722,4460,981,FIN,1
2025-07-23 23:41:05,175.235.95.233,240.85.225.97,UDP,579,2045,2870,FIN,0
2025-07-23 23:41:05,79.126.104.100,82.156.226.151,ICMP,69,1587,662,,0
2025-07-23 23:41:05,0.75.11.10,98.174.167.199,UDP,1126,1472,1861,,1
2025-07-23 23:41:05,230.66.81.118,189.29.102.6,ICMP,1369,3818,4698,FIN,1
2025-07-23 23:41:05,98.219.147.154,76.56.199.130,TCP,97,1627,3611,,0
2025-07-23 23:41:05,31.45.255.6,148.130.212.45,TCP,482,436,1718,FIN,0
2025-07-23 23:41:05,174.164.19.33,112.183.94.233,UDP,832,930,1695,SYN,0
2025-07-23 23:41:05,142.51.95.239,67.160.182.221,UDP,1255,45,2429,,0
2025-07-23 23:41:05,202.183.234.2,161.91.142.149,UDP,668,4334,4755,RST,0
2025-07-23 23:41:05,189.226.207.20,233.146.139.2,TCP,445,2854,2384,ACK,0
2025-07-23 23:41:05,143.75.225.100,246.107.216.202,ICMP,1100,2498,4828,RST,1
2025-07-23 23:41:05,20.204.14.121,6.0.242.185,ICMP,531,3711,4334,SYN,0
2025-07-23 23:41:05,76.113.89.47,143.186.187.176,UDP,1041,2168,1511,SYN,0
2025-07-23 23:41:05,187.189.227.27,39.182.105.73,ICMP,1293,3075,3970,FIN,0
2025-07-23 23:41:05,167.175.204.95,148.192.57.76,UDP,952,4238,174,ACK,0
2025-07-23 23:41:05,23.34.189.142,244.210.129.151,ICMP,1193,612,3042,FIN,1
2025-07-23 23:41:05,230.60.144.165,165.73.62.108,UDP,1214,3828,4412,SYN,1
2025-07-23 23:41:05,229.213.233.87,164.37.58.40,UDP,950,3090,3600,FIN,1
2025-07-23 23:41:05,214.247.20.85,250.103.177.161,UDP,379,1249,2189,RST,0
2025-07-23 23:41:05,246.171.9.243,90.103.37.21,UDP,629,1175,3344,FIN,1
2025-07-23 23:41:05,60.39.178.6,154.228.244.252,UDP,569,2670,1074,,0
2025-07-23 23:41:05,144.153.214.197,80.139.125.251,TCP,348,2200,1257,SYN,0
2025-07-23 23:41:05,161.234.96.205,107.108.240.172,ICMP,329,3168,318,SYN,0
2025-07-23 23:41:05,134.118.47.198,243.161.241.73,ICMP,1270,2190,2852,,0
2025-07-23 23:41:05,79.19.161.1,180.206.233.168,ICMP,469,1644,919,SYN,0
2025-07-23 23:41:05,114.134.224.2,168.246.90.47,ICMP,1136,3074,4427,ACK,1
2025-07-23 23:41:05,198.192.91.150,2.123.252.30,UDP,95,3297,1985,ACK,1
2025-07-23 23:41:05,174.166.204.99,120.189.144.232,UDP,563,4325,4142,ACK,1
2025-07-23 23:41:05,50.3.71.137,162.4.182.44,ICMP,1468,1591,798,ACK,1
2025-07-23 23:41:05,45.198.160.141,252.72.185.195,UDP,1447,196,1666,ACK,0
2025-07-23 23:41:05,123.8.40.194,104.250.33.233,ICMP,157,1885,2741,RST,1
2025-07-23 23:41:05,50.73.244.65,223.2.58.102,UDP,1266,2611,3329,,0
2025-07-23 23:41:05,248.117.41.27,124.83.111.238,UDP,1129,3857,1817,,0
2025-07-23 23:41:05,107.204.91.102,122.177.150.19,TCP,1252,3642,901,,1
2025-07-23 23:41:05,32.221.211.29,244.19.162.218,ICMP,1348,163,1260,ACK,0
2025-07-23 23:41:05,64.5.71.149,65.69.190.250,TCP,1079,564,3203,SYN,0
2025-07-23 23:41:05,200.20.125.194,92.25.252.171,ICMP,219,2497,4531,ACK,0
2025-07-23 23:41:05,73.183.162.19,193.39.64.61,TCP,1227,2715,1369,FIN,0
2025-07-23 23:41:05,186.142.12.183,250.167.149.124,TCP,712,72,734,RST,0
2025-07-23 23:41:05,178.202.69.159,14.163.86.72,TCP,449,1338,2036,SYN,0
2025-07-23 23:41:05,163.58.104.58,187.87.200.34,ICMP,599,2782,3133,ACK,1
2025-07-23 23:41:05,57.253.27.215,111.88.133.126,UDP,1140,2472,4995,,0
2025-07-23 23:41:05,88.161.223.246,2.207.199.120,ICMP,827,4301,2622,,0
2025-07-23 23:41:05,32.205.145.105,138.95.44.16,ICMP,856,2413,3614,RST,0
2025-07-23 23:41:05,220.254.75.39,41.187.203.83,UDP,643,3417,777,ACK,0
2025-07-23 23:41:05,22.236.172.228,152.180.222.232,TCP,487,3461,1597,,0
2025-07-23 23:41:05,191.146.239.90,138.140.53.237,UDP,285,4216,4534,RST,0
2025-07-23 23:41:05,2.206.122.73,197.179.197.133,UDP,1423,2764,2848,RST,0
2025-07-23 23:41:05,117.148.14.105,123.125.13.4,UDP,930,3638,1867,FIN,0
2025-07-23 23:41:05,191.222.59.214,141.49.106.222,ICMP,1126,3360,1467,ACK,0
2025-07-23 23:41:05,120.20.75.148,12.150.136.131,ICMP,1433,2030,2575,,0
2025-07-23 23:41:05,43.88.133.171,82.219.36.69,UDP,504,2818,2990,ACK,0
2025-07-23 23:41:05,235.0.23.206,98.0.197.56,TCP,85,890,1617,SYN,0
2025-07-23 23:41:05,199.79.76.141,9.99.204.138,TCP,101,3530,156,FIN,0
2025-07-23 23:41:05,247.168.81.0,138.21.227.15,ICMP,917,238,3399,ACK,0
2025-07-23 23:41:05,59.156.109.185,88.0.126.148,UDP,854,3511,1035,,0
2025-07-23 23:41:05,191.240.11.45,80.82.249.70,TCP,649,4173,4230,SYN,0
2025-07-23 23:41:05,17.189.239.34,189.203.4.86,UDP,624,1300,1348,SYN,0
2025-07-23 23:41:05,22.92.66.72,137.148.220.197,TCP,956,996,2287,RST,0
2025-07-23 23:41:05,251.116.104.168,154.50.90.187,TCP,933,2194,4071,SYN,0
2025-07-23 23:41:05,190.12.89.119,3.215.134.194,UDP,823,4386,1239,ACK,0
2025-07-23 23:41:05,135.19.164.201,79.114.158.131,TCP,481,3899,3108,RST,0
2025-07-23 23:41:05,134.96.83.247,3.190.175.17,TCP,57,4068,2613,,0
2025-07-23 23:41:05,149.40.47.75,216.181.223.222,TCP,651,3958,2067,FIN,0
2025-07-23 23:41:05,116.107.164.17,66.115.176.73,ICMP,132,468,2691,,0
2025-07-23 23:41:05,218.254.22.64,81.228.203.61,TCP,779,2472,4936,SYN,0
2025-07-23 23:41:05,140.162.77.84,194.89.230.218,TCP,76,4172,577,,0
2025-07-23 23:41:05,24.248.186.84,244.184.3.194,UDP,709,927,999,RST,0
2025-07-23 23:41:05,130.60.76.190,136.214.53.202,ICMP,743,2114,3612,FIN,1
2025-07-23 23:41:05,153.217.97.174,22.239.135.1,ICMP,1288,4445,856,,0
2025-07-23 23:41:05,213.134.111.232,97.74.12.138,ICMP,1494,2604,1727,RST,1
2025-07-23 23:41:05,238.70.30.33,61.86.148.82,TCP,902,1704,4239,ACK,0
2025-07-23 23:41:05,27.115.81.56,141.226.118.188,TCP,419,2257,320,,0
2025-07-23 23:41:05,212.232.38.161,123.191.40.141,UDP,1252,1316,73,RST,1
2025-07-23 23:41:05,54.197.104.206,118.41.181.192,ICMP,565,2249,2316,RST,0
2025-07-23 23:41:05,191.143.177.141,46.227.22.240,TCP,676,698,2929,RST,0
2025-07-23 23:41:05,133.238.238.86,218.27.249.211,TCP,1372,2829,4650,,0
2025-07-23 23:41:05,247.43.197.148,85.129.170.252,TCP,615,310,198,SYN,0
2025-07-23 23:41:05,246.110.235.16,138.57.61.10,UDP,1081,488,4099,SYN,1
2025-07-23 23:41:05,50.246.153.201,2.110.134.2,ICMP,187,434,804,RST,1
2025-07-23 23:41:05,86.230.60.193,65.87.64.73,TCP,313,1384,2719,,1
2025-07-23 23:41:05,146.113.211.0,86.127.100.32,UDP,888,4499,218,SYN,0
2025-07-23 23:41:05,21.241.198.7,233.31.1.186,ICMP,784,3264,4146,,0
2025-07-23 23:41:05,238.120.165.137,52.112.250.155,TCP,1042,2170,838,ACK,0
2025-07-23 23:41:05,212.142.124.126,194.33.115.15,ICMP,480,2881,2891,RST,0
2025-07-23 23:41:05,96.173.5.103,16.142.59.142,ICMP,1159,616,330,,0
2025-07-23 23:41:05,111.172.168.37,108.246.176.235,TCP,632,696,578,ACK,0
2025-07-23 23:41:05,8.245.125.165,223.119.201.176,ICMP,313,3025,1641,FIN,0
2025-07-23 23:41:05,131.145.103.231,164.135.95.236,TCP,1271,2673,1836,RST,0
2025-07-23 23:41:05,150.63.83.136,33.243.17.35,ICMP,531,300,242,FIN,0
2025-07-23 23:41:05,157.150.194.235,164.86.65.66,TCP,59,458,3044,SYN,0
2025-07-23 23:41:05,137.105.45.70,244.114.250.145,TCP,471,1196,44,,0
2025-07-23 23:41:05,60.72.232.233,120.152.131.86,UDP,241,3201,2898,RST,0
2025-07-23 23:41:05,87.31.112.225,113.188.72.130,UDP,1420,319,2708,SYN,0
2025-07-23 23:41:05,163.169.127.194,130.227.89.253,TCP,1339,926,515,ACK,0
2025-07-23 23:41:05,150.1.32.189,65.205.160.142,ICMP,1385,4473,3196,ACK,0
2025-07-23 23:41:05,49.201.208.75,176.244.184.184,TCP,572,200,72,ACK,0
2025-07-23 23:41:05,65.24.168.173,173.206.87.39,ICMP,1247,675,3185,ACK,0
2025-07-23 23:41:05,167.228.115.74,233.250.169.134,UDP,1294,4077,1146,FIN,0
2025-07-23 23:41:05,187.72.89.38,138.173.162.176,UDP,682,1469,2835,,0
2025-07-23 23:41:05,202.190.5.60,222.138.145.1,ICMP,406,910,4590,FIN,0
2025-07-23 23:41:05,250.112.132.29,144.170.78.55,ICMP,1091,2981,2129,,0
2025-07-23 23:41:05,13.56.110.68,172.16.254.244,TCP,338,764,2921,FIN,0
2025-07-23 23:41:05,22.68.23.215,135.157.137.104,UDP,828,2770,807,SYN,0
2025-07-23 23:41:05,0.174.94.227,210.91.146.62,ICMP,1035,3144,729,,0
2025-07-23 23:41:05,120.82.129.151,185.111.140.40,TCP,135,3711,3359,,0
2025-07-23 23:41:05,109.113.4.225,54.142.93.1,UDP,942,1641,668,FIN,0
2025-07-23 23:41:05,154.194.190.213,230.204.254.108,ICMP,1432,4730,2462,FIN,0
2025-07-23 23:41:05,215.79.89.68,52.159.12.196,ICMP,1461,4001,1075,,0
2025-07-23 23:41:05,188.102.124.40,117.138.239.152,ICMP,481,1105,4868,FIN,0
2025-07-23 23:41:05,212.0.229.171,195.53.9.232,UDP,387,266,553,RST,0
2025-07-23 23:41:05,121.182.185.171,48.183.198.62,ICMP,708,2845,2917,SYN,0
2025-07-23 23:41:05,214.216.10.255,204.90.20.164,TCP,422,1790,580,ACK,1
2025-07-23 23:41:05,213.171.102.241,180.217.50.88,UDP,1304,203,4325,FIN,0
2025-07-23 23:41:05,5.196.42.192,37.137.78.48,UDP,176,1246,1254,ACK,1
2025-07-23 23:41:05,187.106.174.29,39.9.67.226,ICMP,834,132,4451,RST,0
2025-07-23 23:41:05,135.214.175.135,10.117.229.109,TCP,1305,2080,2267,,0
2025-07-23 23:41:05,140.69.115.158,139.111.241.222,UDP,1175,4981,1154,ACK,0
2025-07-23 23:41:05,178.214.246.83,176.72.205.32,UDP,601,1062,203,ACK,0
2025-07-23 23:41:05,9.158.64.213,146.57.29.242,UDP,1375,4240,2304,,0
2025-07-23 23:41:05,124.41.22.57,255.104.109.168,ICMP,733,3223,3400,ACK,0
2025-07-23 23:41:05,58.229.178.181,242.200.30.17,TCP,763,1320,2840,RST,1
2025-07-23 23:41:05,20.176.78.209,108.153.66.130,ICMP,1118,4291,2561,,0
2025-07-23 23:41:05,64.239.10.233,232.12.174.173,TCP,451,3047,1008,SYN,1
2025-07-23 23:41:05,222.73.8.95,177.162.132.138,TCP,1158,835,2777,FIN,0
2025-07-23 23:41:05,116.205.58.165,206.251.101.222,TCP,92,955,954,FIN,0
2025-07-23 23:41:05,179.235.119.85,63.8.170.135,TCP,786,1501,1011,SYN,0
2025-07-23 23:41:05,169.196.250.25,41.98.93.138,TCP,1269,4750,1410,SYN,1
2025-07-23 23:41:05,48.239.201.46,147.254.179.235,ICMP,988,1794,4154,ACK,0
2025-07-23 23:41:05,232.236.116.149,247.74.233.99,ICMP,241,2957,2140,FIN,0
2025-07-23 23:41:05,168.153.119.38,74.101.215.60,ICMP,1289,3415,3752,ACK,0
2025-07-23 23:41:05,137.229.75.246,194.171.145.15,UDP,271,3212,4159,SYN,1
2025-07-23 23:41:05,16.45.233.115,229.84.165.2,ICMP,395,1383,1921,FIN,0
2025-07-23 23:41:05,97.17.230.88,37.254.190.162,UDP,910,4227,3963,RST,0
2025-07-23 23:41:05,106.217.78.122,170.117.66.180,ICMP,966,4098,2932,ACK,0
2025-07-23 23:41:05,139.163.194.61,83.0.195.61,ICMP,394,2451,4432,ACK,1
2025-07-23 23:41:05,230.31.216.49,41.152.158.85,UDP,1455,1209,3387,SYN,0
2025-07-23 23:41:05,37.45.28.228,166.137.179.28,UDP,462,3317,201,SYN,0
2025-07-23 23:41:05,191.0.142.90,50.239.98.31,ICMP,998,3482,565,SYN,1
2025-07-23 23:41:05,248.68.26.49,48.54.66.90,TCP,1499,2568,3898,RST,0
2025-07-23 23:41:05,54.123.218.57,82.30.166.167,TCP,120,2331,2466,ACK,1
2025-07-23 23:41:05,17.243.249.194,61.132.161.11,ICMP,1285,360,4446,SYN,0
2025-07-23 23:41:05,15.214.140.253,93.55.222.4,ICMP,506,1508,2137,RST,0
2025-07-23 23:41:05,9.167.179.189,229.61.30.123,UDP,822,838,1866,FIN,0
2025-07-23 23:41:05,160.214.235.228,3.158.76.29,TCP,351,3069,517,ACK,0
2025-07-23 23:41:05,4.125.120.203,129.89.54.190,ICMP,1087,4965,4746,RST,1
2025-07-23 23:41:05,148.16.143.228,160.192.114.79,TCP,951,2118,4687,RST,0
2025-07-23 23:41:05,152.146.230.205,84.197.71.139,ICMP,837,1698,958,,0
2025-07-23 23:41:05,147.89.77.218,112.242.28.139,ICMP,1247,2109,3953,,0
2025-07-23 23:41:05,13.218.103.103,26.18.132.193,TCP,690,1731,3192,,0
2025-07-23 23:41:05,249.145.221.250,249.43.135.204,TCP,929,288,4988,FIN,1
2025-07-23 23:41:05,193.190.32.17,235.151.88.176,UDP,828,250,2601,RST,0
2025-07-23 23:41:05,36.143.242.123,141.93.173.63,UDP,401,2740,4801,SYN,0
2025-07-23 23:41:05,203.113.7.151,189.101.118.206,TCP,969,278,2685,,1
2025-07-23 23:41:05,255.226.61.141,93.248.6.75,UDP,121,630,2412,,0
2025-07-23 23:41:05,149.217.77.161,227.242.228.130,UDP,144,40,2698,SYN,0
2025-07-23 23:41:05,0.72.228.104,46.163.209.205,UDP,325,1364,2363,FIN,0
2025-07-23 23:41:05,130.161.249.221,210.112.206.239,TCP,1264,1033,1262,FIN,0
2025-07-23 23:41:05,219.209.207.218,37.171.0.178,TCP,734,3161,244,ACK,0
2025-07-23 23:41:05,244.165.20.26,79.248.119.241,TCP,305,4838,4198,SYN,0
2025-07-23 23:41:05,189.3.163.223,9.178.138.81,UDP,690,2101,3549,,1
2025-07-23 23:41:05,30.42.72.169,110.161.129.57,TCP,756,2347,1536,FIN,1
2025-07-23 23:41:05,108.93.199.55,232.107.107.148,ICMP,414,1297,2056,ACK,0
2025-07-23 23:41:05,202.139.26.51,61.2.55.84,TCP,740,1602,3831,FIN,0
2025-07-23 23:41:05,66.225.1.6,176.57.212.78,TCP,481,420,4228,ACK,1
2025-07-23 23:41:05,231.184.253.219,231.24.233.200,ICMP,792,2237,3664,FIN,0
2025-07-23 23:41:05,1.82.205.215,21.232.194.252,UDP,1088,2091,4577,,0
2025-07-23 23:41:05,15.37.99.38,31.250.105.132,TCP,391,4605,3514,RST,1
2025-07-23 23:41:05,178.71.212.240,18.74.75.245,ICMP,664,163,2848,RST,0
2025-07-23 23:41:05,254.95.217.207,57.118.175.133,ICMP,1194,433,1512,FIN,0
2025-07-23 23:41:05,53.176.15.105,209.26.191.34,ICMP,854,2524,4559,FIN,0
2025-07-23 23:41:05,88.110.2.234,106.173.119.3,UDP,1417,4390,1403,SYN,0
2025-07-23 23:41:05,201.178.41.9,228.42.202.226,ICMP,420,4226,1258,RST,0
2025-07-23 23:41:05,184.246.5.213,187.113.7.54,TCP,385,1734,2519,RST,1
2025-07-23 23:41:05,159.252.44.9,238.149.254.129,UDP,917,3809,2486,ACK,0
2025-07-23 23:41:05,201.245.207.51,222.88.188.135,TCP,1403,3392,54,SYN,0
2025-07-23 23:41:05,8.36.136.13,180.66.235.176,TCP,973,911,2704,,1
2025-07-23 23:41:05,243.165.144.186,3.239.165.74,ICMP,225,1607,3328,ACK,0
2025-07-23 23:41:05,108.220.97.44,47.171.221.170,TCP,1198,1282,4255,ACK,0
2025-07-23 23:41:05,41.173.187.87,226.68.168.189,UDP,1270,473,4319,FIN,1
2025-07-23 23:41:05,35.198.239.254,33.4.131.254,UDP,207,4833,190,RST,0
2025-07-23 23:41:05,209.160.195.187,180.46.126.143,TCP,592,799,2815,SYN,0
2025-07-23 23:41:05,197.95.160.21,18.242.129.170,ICMP,559,1840,3722,FIN,0
2025-07-23 23:41:05,204.150.54.175,185.72.81.87,ICMP,745,2725,800,SYN,1
2025-07-23 23:41:05,22.222.151.250,194.181.231.20,TCP,307,4659,3398,FIN,1
2025-07-23 23:41:05,112.182.65.235,84.201.142.85,ICMP,1381,4291,1521,RST,1
2025-07-23 23:41:05,226.129.175.254,171.153.19.166,TCP,1056,2205,3286,RST,1
2025-07-23 23:41:05,7.74.137.22,149.93.32.77,ICMP,601,3934,2289,,0
2025-07-23 23:41:05,152.29.50.35,247.195.229.25,TCP,489,1774,4892,RST,0
2025-07-23 23:41:05,79.23.243.96,81.110.242.122,TCP,342,2543,2543,RST,0
2025-07-23 23:41:05,43.20.210.1,82.67.155.27,ICMP,1068,2168,4057,RST,1
2025-07-23 23:41:05,208.144.230.141,144.233.43.88,UDP,287,2800,330,FIN,0
2025-07-23 23:41:05,241.225.191.229,38.119.254.147,ICMP,888,379,209,FIN,0
2025-07-23 23:41:05,4.90.29.141,227.247.35.28,UDP,382,3885,2549,ACK,0
2025-07-23 23:41:05,10.27.140.205,182.238.170.54,UDP,950,114,2032,RST,0
2025-07-23 23:41:05,73.184.179.255,118.201.155.168,UDP,461,2927,676,ACK,0
2025-07-23 23:41:05,196.6.41.133,21.148.6.130,ICMP,439,3760,2889,SYN,0
2025-07-23 23:41:05,133.133.94.132,94.65.212.141,ICMP,1415,2177,1511,SYN,0
2025-07-23 23:41:05,136.55.110.53,159.122.130.82,TCP,1148,4049,697,,0
2025-07-23 23:41:05,61.203.109.213,137.160.171.16,ICMP,500,542,419,FIN,1
2025-07-23 23:41:05,112.65.162.21,23.190.250.198,UDP,115,3862,3205,SYN,1
2025-07-23 23:41:05,217.131.137.105,245.165.87.201,ICMP,657,760,3630,FIN,0
2025-07-23 23:41:05,124.85.197.33,187.189.64.163,TCP,941,2894,2635,,0
2025-07-23 23:41:05,254.160.20.145,233.171.195.188,ICMP,1061,709,4461,,0
2025-07-23 23:41:05,103.133.236.169,31.206.136.164,UDP,1485,1689,342,SYN,0
2025-07-23 23:41:05,107.65.159.57,161.226.225.51,UDP,806,1818,1782,,1
2025-07-23 23:41:05,151.21.57.109,11.124.83.217,ICMP,113,1041,4083,ACK,0
2025-07-23 23:41:05,73.123.254.17,233.48.104.36,ICMP,1281,1382,1984,,0
2025-07-23 23:41:05,248.178.6.212,34.103.135.249,TCP,875,919,589,ACK,0
2025-07-23 23:41:05,201.184.205.23,12.228.43.172,UDP,824,3230,1217,,0
2025-07-23 23:41:05,145.177.81.195,31.6.180.9,ICMP,690,4214,3405,SYN,0
2025-07-23 23:41:05,212.251.80.236,0.7.92.25,ICMP,647,639,1470,FIN,0
2025-07-23 23:41:05,8.181.65.51,11.200.54.199,ICMP,1326,2905,4931,ACK,0
2025-07-23 23:41:05,238.178.147.56,143.193.36.106,UDP,398,3605,1625,RST,0
2025-07-23 23:41:05,156.41.76.176,151.187.115.215,TCP,898,3200,2169,RST,0
2025-07-23 23:41:05,131.225.135.142,9.232.17.69,TCP,935,3068,1474,FIN,1
2025-07-23 23:41:05,149.124.208.186,81.144.254.102,TCP,593,1466,1503,ACK,0
2025-07-23 23:41:05,60.224.175.212,0.191.142.87,ICMP,431,1535,2372,SYN,0
2025-07-23 23:41:05,121.94.151.250,226.93.19.188,ICMP,106,1079,58,ACK,0
2025-07-23 23:41:05,119.115.90.73,60.222.136.90,ICMP,108,2294,4883,,0
2025-07-23 23:41:05,48.104.247.205,244.90.113.175,ICMP,593,1289,4904,FIN,0
2025-07-23 23:41:05,171.109.64.156,106.156.226.138,UDP,197,3393,1802,RST,0
2025-07-23 23:41:05,110.98.48.188,63.193.211.107,ICMP,683,1879,1556,,0
2025-07-23 23:41:05,115.164.27.214,47.226.197.141,ICMP,924,3735,2166,FIN,0
2025-07-23 23:41:05,90.193.90.91,7.54.81.206,ICMP,213,1773,191,FIN,0
2025-07-23 23:41:05,190.144.31.99,8.31.166.132,TCP,1495,1117,960,FIN,0
2025-07-23 23:41:05,116.14.105.121,159.206.85.131,UDP,922,2682,2233,ACK,0
2025-07-23 23:41:05,102.70.48.142,46.66.178.187,UDP,1230,1417,3814,FIN,1
2025-07-23 23:41:05,140.142.147.85,150.207.73.31,ICMP,1093,1863,1249,RST,0
2025-07-23 23:41:05,153.242.107.198,205.225.67.195,TCP,1207,672,4235,ACK,0
2025-07-23 23:41:05,57.25.195.160,77.75.189.97,UDP,838,3303,1837,,0
2025-07-23 23:41:05,170.133.4.103,41.1.241.55,TCP,1287,1208,4889,SYN,0
2025-07-23 23:41:05,89.48.241.98,78.0.71.52,TCP,223,2669,2637,FIN,1
2025-07-23 23:41:05,110.111.145.105,76.159.167.81,TCP,83,851,2266,RST,0
2025-07-23 23:41:05,100.213.153.175,255.6.148.233,TCP,965,179,68,ACK,0
2025-07-23 23:41:05,224.96.106.124,209.248.243.167,ICMP,366,4077,1913,,0
2025-07-23 23:41:05,175.29.74.163,243.241.185.128,TCP,1325,4444,3287,FIN,0
2025-07-23 23:41:05,248.83.229.44,117.15.171.247,ICMP,433,3384,2590,RST,0
2025-07-23 23:41:05,219.70.0.151,238.211.75.77,UDP,449,4445,2596,SYN,1
2025-07-23 23:41:05,157.113.113.238,0.233.209.8,UDP,1413,3785,2568,FIN,1
2025-07-23 23:41:05,101.4.79.109,192.117.102.192,UDP,1370,3388,4847,,0
2025-07-23 23:41:05,242.100.227.106,132.46.247.83,TCP,486,3805,3465,,0
2025-07-23 23:41:05,100.142.128.153,9.220.168.182,UDP,446,20,1841,FIN,0
2025-07-23 23:41:05,187.227.70.177,73.182.1.86,TCP,586,4664,490,RST,0
2025-07-23 23:41:05,5.39.197.60,125.19.253.135,TCP,1233,2341,754,RST,0
2025-07-23 23:41:05,183.72.21.56,68.152.210.56,TCP,223,1455,2430,SYN,0
2025-07-23 23:41:05,170.74.11.90,208.74.189.246,UDP,449,4737,3566,SYN,0
2025-07-23 23:41:05,93.49.32.116,209.40.67.53,TCP,852,3777,1264,,0
2025-07-23 23:41:05,161.191.103.65,62.164.143.112,TCP,676,387,2871,ACK,0
2025-07-23 23:41:05,128.37.7.82,237.0.87.207,ICMP,528,1270,971,FIN,0
2025-07-23 23:41:05,183.6.218.242,117.201.184.82,ICMP,1268,2146,2492,ACK,0
2025-07-23 23:41:05,19.172.80.251,57.58.80.20,UDP,190,3653,2868,SYN,1
2025-07-23 23:41:05,116.214.204.186,72.198.248.181,ICMP,838,4407,1854,FIN,0
2025-07-23 23:41:05,121.106.97.77,189.77.251.82,TCP,916,3111,4844,RST,0
2025-07-23 23:41:05,167.44.50.250,242.245.196.221,ICMP,583,2310,2802,ACK,0
2025-07-23 23:41:05,29.193.41.101,174.154.70.17,TCP,327,4743,3544,SYN,0
2025-07-23 23:41:05,19.21.14.99,131.178.41.30,ICMP,1266,4723,3197,SYN,0
2025-07-23 23:41:05,151.4.149.135,224.103.207.242,ICMP,1141,3212,763,,0
2025-07-23 23:41:05,186.199.150.135,37.36.206.86,UDP,245,352,1641,,1
2025-07-23 23:41:05,199.247.114.215,175.94.123.225,ICMP,1021,4385,2222,SYN,0
2025-07-23 23:41:05,247.51.207.145,180.42.137.58,TCP,1331,3862,3525,ACK,0
2025-07-23 23:41:05,49.99.126.72,156.251.239.227,UDP,841,2041,1977,FIN,1
2025-07-23 23:41:05,4.185.25.204,62.93.88.146,UDP,1294,4868,4257,,0
2025-07-23 23:41:05,198.12.49.5,239.23.171.155,ICMP,682,3753,550,RST,0
2025-07-23 23:41:05,190.243.40.189,224.88.77.129,UDP,613,3935,3725,RST,0
2025-07-23 23:41:05,145.133.202.11,156.225.95.21,ICMP,918,4257,869,FIN,0
2025-07-23 23:41:05,117.122.86.150,195.234.226.75,ICMP,947,1315,3940,SYN,0
2025-07-23 23:41:05,199.214.225.243,183.32.90.103,ICMP,232,4673,3869,SYN,0
2025-07-23 23:41:05,77.116.142.199,206.143.216.109,ICMP,129,4788,476,SYN,0
2025-07-23 23:41:05,69.190.16.137,196.45.23.151,ICMP,457,3619,763,RST,0
2025-07-23 23:41:05,214.230.86.111,63.30.129.10,UDP,93,4638,4669,RST,1
2025-07-23 23:41:05,207.187.170.166,82.134.209.76,ICMP,1260,994,3652,RST,0
2025-07-23 23:41:05,187.165.116.218,228.3.194.130,UDP,1094,693,4410,ACK,0
2025-07-23 23:41:05,78.91.200.218,16.64.57.155,UDP,440,2146,2946,SYN,0
2025-07-23 23:41:05,12.51.119.198,233.216.217.51,UDP,745,1078,3271,FIN,0
2025-07-23 23:41:05,183.125.35.210,248.252.106.225,UDP,426,1209,809,ACK,0
2025-07-23 23:41:05,199.191.201.160,176.52.248.28,UDP,1284,3044,568,SYN,1
2025-07-23 23:41:05,104.41.107.2,122.26.45.78,ICMP,383,2318,550,,0
2025-07-23 23:41:05,111.148.12.49,32.215.40.5,TCP,590,1079,4143,RST,1
2025-07-23 23:41:05,69.233.39.141,48.239.194.148,ICMP,1256,4122,2845,FIN,0
2025-07-23 23:41:05,209.236.87.134,24.35.222.196,TCP,295,485,2411,ACK,1
2025-07-23 23:41:05,220.56.161.244,146.137.240.227,UDP,1391,1824,2652,ACK,0
2025-07-23 23:41:05,201.39.222.65,126.43.17.85,TCP,914,374,3967,SYN,0
2025-07-23 23:41:05,97.55.0.194,52.155.184.254,TCP,206,4009,3902,FIN,0
2025-07-23 23:41:05,224.2.82.47,52.249.213.10,UDP,1315,3572,1703,,0
2025-07-23 23:41:05,50.214.159.113,12.189.72.20,TCP,732,2189,302,FIN,1
2025-07-23 23:41:05,44.43.92.86,234.167.113.165,UDP,753,1836,3332,RST,0
2025-07-23 23:41:05,199.181.220.172,163.20.228.96,TCP,367,2384,3045,RST,0
2025-07-23 23:41:05,67.181.64.129,116.83.113.4,UDP,261,75,2998,RST,0
2025-07-23 23:41:05,93.75.98.223,235.212.235.105,ICMP,773,3803,4087,,0
2025-07-23 23:41:05,217.188.235.230,101.142.61.219,ICMP,1116,655,2680,SYN,0
2025-07-23 23:41:05,22.159.113.49,125.149.143.200,ICMP,1243,3667,4911,RST,0
2025-07-23 23:41:05,214.155.138.213,124.89.80.135,UDP,769,3058,273,,0
2025-07-23 23:41:05,118.60.72.184,81.102.190.149,UDP,524,2249,4099,FIN,0
2025-07-23 23:41:05,116.112.243.76,92.193.44.2,UDP,1427,2744,3478,RST,1
2025-07-23 23:41:05,2.214.14.165,121.12.189.92,UDP,1049,612,4106,RST,0
2025-07-23 23:41:05,109.184.60.167,151.11.147.67,TCP,358,626,54,RST,0
2025-07-23 23:41:05,144.224.120.127,139.154.13.51,UDP,143,2823,2816,ACK,0
2025-07-23 23:41:05,33.51.34.251,221.168.231.178,UDP,969,1627,2256,FIN,0
2025-07-23 23:41:05,60.120.248.126,117.42.161.250,ICMP,1277,3177,4469,,0
2025-07-23 23:41:05,219.145.106.184,16.142.47.226,ICMP,1477,1989,460,ACK,0
2025-07-23 23:41:05,0.231.27.121,82.146.220.52,TCP,891,2158,1642,,0
2025-07-23 23:41:05,224.74.62.244,227.229.193.254,UDP,1390,3764,4520,FIN,1
2025-07-23 23:41:05,24.46.143.28,196.108.13.36,UDP,552,3247,2354,FIN,0
2025-07-23 23:41:05,166.36.157.232,229.43.195.100,UDP,976,895,1828,FIN,0
2025-07-23 23:41:05,30.15.182.65,146.63.52.39,ICMP,1218,4080,3875,SYN,0
2025-07-23 23:41:05,200.33.61.93,125.84.49.20,ICMP,1305,4669,3342,SYN,0
2025-07-23 23:41:05,242.106.119.221,67.103.165.72,UDP,683,1155,3061,RST,0
2025-07-23 23:41:05,24.218.100.19,218.201.55.24,UDP,1487,1454,4048,,0
2025-07-23 23:41:05,40.209.128.87,92.87.128.16,UDP,608,4827,3279,,0
2025-07-23 23:41:05,136.21.18.194,120.220.212.253,TCP,649,1552,1327,RST,1
2025-07-23 23:41:05,255.219.188.198,144.155.9.224,TCP,90,3059,943,RST,0
2025-07-23 23:41:05,42.196.81.186,28.156.9.242,ICMP,1232,4821,34,ACK,0
2025-07-23 23:41:05,213.0.178.237,48.237.87.7,TCP,1249,2159,2922,SYN,0
2025-07-23 23:41:05,232.75.238.236,14.45.25.211,ICMP,447,1351,4678,,0
2025-07-23 23:41:05,246.218.194.94,208.220.220.18,UDP,152,4896,242,ACK,0
2025-07-23 23:41:05,102.17.7.209,99.187.218.57,TCP,1431,806,4716,RST,0
2025-07-23 23:41:05,183.11.77.20,34.129.161.254,TCP,414,2714,1383,RST,0
2025-07-23 23:41:05,47.128.117.129,107.141.10.237,TCP,652,1003,3756,ACK,0
2025-07-23 23:41:05,166.207.34.48,250.158.57.103,UDP,528,2867,560,,0
2025-07-23 23:41:05,68.24.1.44,171.2.119.29,UDP,361,3835,4315,RST,0
2025-07-23 23:41:05,146.127.249.152,40.172.40.20,TCP,96,1623,1218,RST,0
2025-07-23 23:41:05,118.167.129.139,155.174.228.174,TCP,1234,830,3264,FIN,1
2025-07-23 23:41:05,23.40.51.240,39.219.130.236,TCP,569,836,1865,FIN,0
2025-07-23 23:41:05,140.165.74.98,34.10.232.185,ICMP,670,3283,1759,RST,1
2025-07-23 23:41:05,247.86.153.22,86.33.55.82,TCP,695,994,3391,,0
2025-07-23 23:41:05,57.28.2.107,134.107.218.63,UDP,205,289,3363,SYN,0
2025-07-23 23:41:05,116.30.137.10,229.98.254.211,UDP,1433,1251,2892,,0
2025-07-23 23:41:05,118.8.176.40,54.211.34.6,TCP,86,2095,678,RST,0
2025-07-23 23:41:05,90.81.57.32,254.33.232.185,ICMP,288,478,3631,SYN,0
2025-07-23 23:41:05,55.175.195.207,98.79.123.9,ICMP,1017,514,4732,SYN,0
2025-07-23 23:41:05,19.27.164.125,119.60.249.109,TCP,187,2537,4106,ACK,0
2025-07-23 23:41:05,229.110.80.90,61.232.56.82,ICMP,1145,1542,3388,SYN,0
2025-07-23 23:41:05,179.47.64.110,2.96.55.250,UDP,1460,321,455,,0
2025-07-23 23:41:05,73.228.91.163,70.254.165.49,TCP,1059,552,1942,FIN,0
2025-07-23 23:41:05,182.20.177.36,83.181.146.84,ICMP,704,3468,2224,RST,0
2025-07-23 23:41:05,194.88.151.183,232.70.10.28,ICMP,1315,852,106,RST,0
2025-07-23 23:41:05,183.223.198.229,189.234.207.19,ICMP,168,1942,2405,FIN,0
2025-07-23 23:41:05,102.103.251.223,223.255.34.226,ICMP,1104,3202,788,FIN,0
2025-07-23 23:41:05,118.52.168.115,201.246.193.89,ICMP,865,1846,108,SYN,0
2025-07-23 23:41:05,61.87.126.79,37.59.37.63,TCP,874,2287,4742,RST,0
2025-07-23 23:41:05,51.60.190.128,125.244.255.138,UDP,1250,2478,4515,,0
2025-07-23 23:41:05,216.88.144.156,38.239.14.62,ICMP,667,3273,4235,RST,0
2025-07-23 23:41:05,94.226.177.71,44.230.22.32,UDP,386,17,787,ACK,0
2025-07-23 23:41:05,127.119.239.197,25.236.18.43,UDP,996,4071,1348,SYN,0
2025-07-23 23:41:05,187.94.173.198,184.123.29.140,TCP,1256,2259,2207,,0
2025-07-23 23:41:05,17.66.41.62,117.71.170.14,ICMP,550,2786,227,FIN,1
2025-07-23 23:41:05,72.11.64.93,178.18.184.83,UDP,805,3078,1611,RST,0
2025-07-23 23:41:05,164.122.98.15,160.41.224.167,ICMP,734,1166,4093,RST,0
2025-07-23 23:41:05,17.85.210.133,45.101.141.147,ICMP,357,526,4082,FIN,0
2025-07-23 23:41:05,88.13.40.87,0.89.165.203,ICMP,1093,1662,4158,SYN,0
2025-07-23 23:41:05,16.152.6.111,175.153.179.112,ICMP,1457,4137,558,,0
2025-07-23 23:41:05,141.93.29.97,135.254.174.127,UDP,641,1705,104,RST,0
2025-07-23 23:41:05,53.18.64.199,1.173.50.102,TCP,1433,2651,3005,FIN,1
2025-07-23 23:41:05,196.176.42.164,185.172.31.168,UDP,1450,1883,3824,SYN,0
2025-07-23 23:41:05,14.96.213.84,57.103.0.167,ICMP,887,2316,2573,ACK,1
2025-07-23 23:41:05,175.52.76.184,219.141.121.16,UDP,1187,388,4979,ACK,0
2025-07-23 23:41:05,41.233.209.118,48.41.211.188,UDP,726,4114,2773,RST,0
2025-07-23 23:41:05,20.87.126.232,74.12.78.167,TCP,254,1667,2091,,0
2025-07-23 23:41:05,247.131.20.220,254.21.98.200,TCP,1123,3467,359,SYN,0
2025-07-23 23:41:05,25.170.187.95,100.59.182.234,ICMP,57,4096,987,,0
2025-07-23 23:41:05,214.125.163.153,77.182.101.220,UDP,845,3614,395,ACK,1
2025-07-23 23:41:05,153.171.124.146,122.123.173.32,TCP,511,316,1737,SYN,0
2025-07-23 23:41:05,37.29.4.195,106.57.6.187,TCP,947,0,4283,,1
2025-07-23 23:41:05,7.44.197.228,137.189.192.69,ICMP,803,3167,2895,SYN,0
2025-07-23 23:41:05,198.224.165.36,100.71.48.177,UDP,451,1380,506,SYN,0
2025-07-23 23:41:05,53.168.55.153,120.181.239.133,UDP,1210,33,1272,,1
2025-07-23 23:41:05,149.106.129.49,80.27.234.44,ICMP,681,4441,4500,ACK,1
2025-07-23 23:41:05,80.179.251.143,173.205.208.247,UDP,668,4108,1644,SYN,0
2025-07-23 23:41:05,227.231.152.147,34.164.247.62,ICMP,1379,4710,1387,,0
2025-07-23 23:41:05,14.182.168.232,37.115.24.121,UDP,118,3668,898,RST,1
2025-07-23 23:41:05,10.5.38.81,56.91.220.57,TCP,1479,3596,4652,,0
2025-07-23 23:41:05,111.70.2.233,234.76.166.189,ICMP,644,107,2006,,0
2025-07-23 23:41:05,247.59.200.199,253.17.151.150,UDP,364,4490,3967,,0
2025-07-23 23:41:05,224.56.164.105,210.81.207.118,UDP,232,264,4708,SYN,0
2025-07-23 23:41:05,196.113.234.136,198.235.253.35,UDP,1413,3666,1614,SYN,0
2025-07-23 23:41:05,135.105.58.204,246.139.191.67,ICMP,838,4950,389,SYN,0
2025-07-23 23:41:05,238.189.237.44,49.25.66.10,ICMP,1007,4694,2991,ACK,0
2025-07-23 23:41:05,50.25.90.21,238.140.37.91,TCP,1448,1004,783,,0
2025-07-23 23:41:05,118.174.71.126,253.216.11.128,UDP,410,1271,981,FIN,0
2025-07-23 23:41:05,252.125.101.66,77.46.104.45,ICMP,1144,3921,4801,SYN,0
2025-07-23 23:41:05,227.235.154.200,175.136.14.55,UDP,811,2704,1538,RST,1
2025-07-23 23:41:05,84.97.157.235,113.160.190.201,UDP,1011,2794,2135,RST,0
2025-07-23 23:41:05,138.27.124.78,114.131.193.203,TCP,161,787,4315,SYN,0
2025-07-23 23:41:05,195.243.192.95,179.149.40.13,TCP,521,2785,2514,SYN,0
2025-07-23 23:41:05,236.76.160.3,211.214.19.14,UDP,1317,4094,4963,RST,1
2025-07-23 23:41:05,179.199.107.7,52.76.243.163,UDP,483,2576,2173,SYN,0
2025-07-23 23:41:05,32.84.136.101,34.195.59.129,TCP,1459,209,1005,,0
2025-07-23 23:41:05,21.23.240.125,29.41.82.173,ICMP,418,1614,119,FIN,1
2025-07-23 23:41:05,51.248.104.162,219.193.166.157,TCP,1019,4765,4274,FIN,0
2025-07-23 23:41:05,132.44.21.219,172.30.55.156,TCP,689,3750,3115,,0
2025-07-23 23:41:05,113.39.61.70,141.51.175.125,ICMP,316,1297,396,RST,0
2025-07-23 23:41:05,157.40.174.140,68.115.33.233,TCP,1024,4998,1088,SYN,0
2025-07-23 23:41:05,170.92.205.111,151.194.36.116,ICMP,70,3951,672,RST,0
2025-07-23 23:41:05,92.21.220.233,197.13.103.237,UDP,655,1563,4900,FIN,0
2025-07-23 23:41:05,118.47.211.196,226.187.55.240,ICMP,823,3960,479,RST,1
2025-07-23 23:41:05,77.46.37.64,72.141.14.234,ICMP,1382,3590,2919,SYN,0
2025-07-23 23:41:05,119.247.93.147,46.244.245.56,UDP,1028,3325,47,SYN,0
2025-07-23 23:41:05,6.205.94.227,57.15.55.239,UDP,1259,3737,1351,RST,0
2025-07-23 23:41:05,219.227.77.199,106.58.208.55,UDP,952,2227,3551,FIN,0
2025-07-23 23:41:05,186.191.248.112,132.1.160.138,TCP,1106,4143,3126,,0
2025-07-23 23:41:05,200.175.29.9,10.56.145.127,UDP,314,808,4429,ACK,0
2025-07-23 23:41:05,36.169.175.71,68.116.31.177,TCP,65,2405,2468,RST,0
2025-07-23 23:41:05,247.36.121.209,198.196.75.233,TCP,575,1142,1634,SYN,1
2025-07-23 23:41:05,235.60.166.212,99.16.198.126,ICMP,1162,734,174,ACK,0
2025-07-23 23:41:05,143.186.180.79,170.211.215.111,UDP,118,2059,2261,,0
2025-07-23 23:41:05,243.123.77.250,95.111.186.11,TCP,1078,2039,1931,,0
2025-07-23 23:41:05,10.138.239.206,100.33.214.184,ICMP,56,4280,419,FIN,0
2025-07-23 23:41:05,151.251.228.74,175.24.131.28,ICMP,423,3169,3637,SYN,0
2025-07-23 23:41:05,242.201.13.63,134.85.208.69,ICMP,705,1066,1715,ACK,0
2025-07-23 23:41:05,112.124.237.38,113.3.85.233,TCP,293,2443,2272,SYN,0
2025-07-23 23:41:05,69.32.172.32,122.2.247.65,UDP,1166,3181,2375,SYN,0
2025-07-23 23:41:05,180.81.187.215,24.6.249.8,ICMP,510,1192,2394,SYN,1
2025-07-23 23:41:05,26.146.220.0,59.205.215.245,TCP,1075,3291,3217,FIN,1
2025-07-23 23:41:05,31.231.231.89,29.205.172.127,UDP,1223,3608,2106,RST,0
2025-07-23 23:41:05,45.236.252.170,253.144.229.193,UDP,1218,3712,3805,,1
2025-07-23 23:41:05,94.16.190.20,11.106.108.243,UDP,212,2381,2861,RST,0
2025-07-23 23:41:05,41.81.232.47,225.33.244.54,UDP,427,1402,1809,SYN,0
2025-07-23 23:41:05,242.44.45.100,94.188.96.11,UDP,1484,1839,2850,RST,0
2025-07-23 23:41:05,125.141.62.119,251.83.100.212,UDP,513,388,1076,ACK,1
2025-07-23 23:41:05,29.119.255.115,121.64.245.185,TCP,340,4104,346,RST,0
2025-07-23 23:41:05,146.10.188.254,102.37.108.176,ICMP,715,3337,1699,,0
2025-07-23 23:41:05,234.234.65.160,180.60.96.69,ICMP,613,4811,3006,SYN,0
2025-07-23 23:41:05,113.32.158.184,239.196.198.0,TCP,74,4094,238,RST,0
2025-07-23 23:41:05,66.177.68.167,92.215.163.44,UDP,552,3286,4282,ACK,0
2025-07-23 23:41:05,213.45.179.115,3.143.167.212,TCP,1121,3704,812,,1
2025-07-23 23:41:05,124.12.247.184,37.90.115.36,TCP,1220,3928,2529,SYN,0
2025-07-23 23:41:05,56.102.42.5,147.8.156.173,UDP,974,1211,993,ACK,1
2025-07-23 23:41:05,93.214.88.216,161.234.49.38,UDP,432,3026,362,FIN,1
2025-07-23 23:41:05,124.153.39.19,143.164.199.146,ICMP,714,4996,3794,SYN,0
2025-07-23 23:41:05,88.149.145.251,223.80.207.22,UDP,319,3898,4678,SYN,0
2025-07-23 23:41:05,241.145.184.196,176.219.47.221,TCP,757,2619,1285,FIN,0
2025-07-23 23:41:05,201.58.223.13,153.16.59.57,ICMP,305,2310,2933,SYN,0
2025-07-23 23:41:05,61.99.166.50,251.200.123.101,UDP,244,198,2845,,0
2025-07-23 23:41:05,52.7.52.64,222.222.67.15,TCP,1330,4717,4037,RST,0
2025-07-23 23:41:05,221.67.84.79,76.98.163.234,ICMP,1104,1387,393,RST,1
2025-07-23 23:41:05,239.92.181.126,30.158.240.86,ICMP,686,442,3239,,0
2025-07-23 23:41:05,0.59.174.171,206.241.115.66,TCP,728,1877,3153,ACK,0
2025-07-23 23:41:05,29.209.59.64,59.129.174.65,ICMP,1110,3331,3803,ACK,0
2025-07-23 23:41:05,222.202.3.184,241.244.50.90,TCP,471,1692,4733,ACK,0
2025-07-23 23:41:05,246.45.23.178,69.132.26.188,ICMP,1152,2714,194,FIN,0
2025-07-23 23:41:05,101.111.20.129,214.94.72.106,UDP,962,3135,3492,SYN,0
2025-07-23 23:41:05,88.208.243.158,154.51.61.134,ICMP,1021,2081,1411,SYN,0
2025-07-23 23:41:05,119.138.211.217,27.242.188.194,ICMP,1259,4580,2990,,0
2025-07-23 23:41:05,155.161.52.2,93.65.221.26,UDP,45,4776,4613,FIN,0
2025-07-23 23:41:05,74.249.107.113,44.27.189.35,UDP,1192,2867,3450,ACK,0
2025-07-23 23:41:05,144.223.174.194,203.87.123.31,UDP,1255,217,4195,,0
2025-07-23 23:41:05,171.240.55.132,161.213.14.194,TCP,1409,3659,3640,ACK,1
2025-07-23 23:41:05,198.179.148.15,77.150.179.80,ICMP,1471,37,1193,,0
2025-07-23 23:41:05,231.33.80.48,58.157.231.159,TCP,996,350,1135,FIN,0
2025-07-23 23:41:05,214.176.168.176,65.249.139.232,ICMP,43,4373,2841,SYN,0
2025-07-23 23:41:05,243.84.39.24,26.62.231.178,UDP,862,4515,253,SYN,0
2025-07-23 23:41:05,120.57.250.216,157.252.187.183,ICMP,1198,1663,1701,SYN,0
2025-07-23 23:41:05,125.130.27.72,176.180.188.55,ICMP,55,323,3544,,0
2025-07-23 23:41:05,125.159.5.10,125.255.42.1,ICMP,1406,3015,65,FIN,0
2025-07-23 23:41:05,181.2.170.30,45.4.3.249,UDP,1353,4534,3078,FIN,1
2025-07-23 23:41:05,85.15.250.28,230.126.40.34,UDP,1476,2987,823,SYN,0
2025-07-23 23:41:05,50.155.92.108,2.38.17.41,UDP,87,2003,4436,ACK,0
2025-07-23 23:41:05,127.30.80.200,81.116.71.77,UDP,701,4580,4755,SYN,0
2025-07-23 23:41:05,75.115.115.57,186.245.102.15,ICMP,149,3691,1566,ACK,1
2025-07-23 23:41:05,85.40.76.182,57.103.129.132,ICMP,791,3976,2243,,0
2025-07-23 23:41:05,107.75.203.119,198.134.156.17,TCP,1390,1171,451,ACK,1
2025-07-23 23:41:05,154.158.45.72,239.129.210.204,TCP,958,3673,2866,FIN,0
2025-07-23 23:41:05,72.213.130.25,50.115.8.247,ICMP,186,1034,4072,SYN,1
2025-07-23 23:41:05,220.200.180.226,117.233.164.18,TCP,86,3431,2671,,0
2025-07-23 23:41:05,13.109.96.211,165.190.196.127,ICMP,1134,1693,1378,SYN,1
2025-07-23 23:41:05,170.196.135.205,87.82.113.58,UDP,1215,3025,64,FIN,0
2025-07-23 23:41:05,230.165.34.116,79.229.58.249,UDP,871,3091,3797,FIN,0
2025-07-23 23:41:05,231.105.221.136,226.64.129.16,TCP,737,3379,1653,RST,0
2025-07-23 23:41:05,138.58.177.112,164.204.207.178,TCP,1242,1267,3956,RST,0
2025-07-23 23:41:05,2.144.83.26,56.97.251.78,TCP,574,432,1200,,0
2025-07-23 23:41:05,246.244.110.1,139.83.67.152,TCP,956,3797,1867,ACK,1
2025-07-23 23:41:05,48.167.65.211,23.210.140.73,TCP,1376,1523,171,ACK,0
2025-07-23 23:41:05,142.136.108.59,27.184.180.166,TCP,512,3373,3453,FIN,0
2025-07-23 23:41:05,116.193.112.104,121.157.140.239,ICMP,974,945,2229,SYN,0
2025-07-23 23:41:05,203.217.193.232,232.78.171.42,UDP,442,2896,4845,SYN,0
2025-07-23 23:41:05,157.4.22.199,115.226.167.120,UDP,1157,4434,2334,,0
2025-07-23 23:41:05,158.206.160.93,131.14.235.124,UDP,333,3872,4576,,0
2025-07-23 23:41:05,101.148.161.78,39.88.39.22,ICMP,203,2732,1514,FIN,0
2025-07-23 23:41:05,211.25.30.101,201.125.209.194,TCP,278,4606,244,SYN,0
2025-07-23 23:41:05,110.211.62.95,89.193.167.32,ICMP,1491,3204,2274,ACK,1
2025-07-23 23:41:05,80.13.148.218,50.69.6.105,ICMP,786,1482,2757,,1
2025-07-23 23:41:05,242.185.126.249,36.119.170.220,TCP,1101,3754,2003,,0
2025-07-23 23:41:05,131.111.231.72,204.58.107.248,UDP,984,3548,683,,0
2025-07-23 23:41:05,28.17.40.49,0.23.134.204,ICMP,69,198,2223,FIN,0
2025-07-23 23:41:05,4.164.109.87,55.196.8.74,UDP,134,4594,1610,,0
2025-07-23 23:41:05,55.246.226.92,240.162.252.45,TCP,179,382,1780,,0
2025-07-23 23:41:05,56.146.139.0,254.98.93.250,UDP,1224,2358,2555,ACK,1
2025-07-23 23:41:05,3.138.87.113,215.188.110.105,ICMP,944,4677,2084,,0
2025-07-23 23:41:05,12.203.212.174,64.115.1.246,UDP,796,67,3154,RST,1
2025-07-23 23:41:05,89.206.53.151,60.82.109.30,ICMP,230,2009,2572,,0
2025-07-23 23:41:05,165.122.146.46,124.195.76.33,TCP,296,106,2257,FIN,0
2025-07-23 23:41:05,56.65.144.152,202.130.63.233,TCP,1407,731,4318,ACK,1
2025-07-23 23:41:05,155.231.197.246,53.29.35.92,UDP,698,4709,4873,RST,1
2025-07-23 23:41:05,20.97.116.100,147.62.139.56,ICMP,706,3540,468,FIN,0
2025-07-23 23:41:05,11.165.193.185,110.56.205.226,UDP,862,2661,3153,,0
2025-07-23 23:41:05,126.234.127.170,139.249.73.130,ICMP,642,468,3451,FIN,1
2025-07-23 23:41:05,102.17.160.34,54.62.48.21,UDP,597,3152,2014,,0
2025-07-23 23:41:05,170.9.205.185,105.133.138.16,TCP,1139,3220,2276,FIN,0
2025-07-23 23:41:05,62.239.45.255,164.247.205.181,ICMP,611,2746,1541,ACK,0
2025-07-23 23:41:05,214.117.12.212,204.210.168.183,ICMP,910,3325,3367,SYN,1
2025-07-23 23:41:05,222.7.109.94,33.167.54.139,TCP,1065,1135,923,FIN,0
2025-07-23 23:41:05,198.171.10.121,178.24.120.22,UDP,1128,517,955,ACK,0
2025-07-23 23:41:05,144.26.119.236,123.101.126.28,ICMP,107,1132,3794,FIN,1
2025-07-23 23:41:05,94.73.250.123,241.113.226.254,UDP,44,2474,1133,FIN,0
2025-07-23 23:41:05,248.34.152.94,119.57.191.38,ICMP,438,2608,2317,RST,1
2025-07-23 23:41:05,35.232.29.178,129.181.136.227,ICMP,1389,1881,2483,RST,0
2025-07-23 23:41:05,78.152.181.62,189.228.158.231,UDP,1388,2502,102,SYN,0
2025-07-23 23:41:05,164.166.123.136,8.89.29.3,ICMP,151,3443,3163,,0
2025-07-23 23:41:05,1.65.97.126,241.114.181.146,TCP,627,4697,1972,FIN,0
2025-07-23 23:41:05,134.210.205.197,147.111.17.98,UDP,1039,1444,303,SYN,0
2025-07-23 23:41:05,161.140.3.250,86.232.8.96,UDP,467,1534,2805,FIN,0
2025-07-23 23:41:05,126.186.73.161,100.122.76.37,ICMP,1189,1686,2295,FIN,1
2025-07-23 23:41:05,135.210.6.24,208.77.0.53,UDP,1035,4558,1002,,0
2025-07-23 23:41:05,50.154.164.157,88.135.53.164,ICMP,795,310,4059,RST,0
2025-07-23 23:41:05,167.118.219.138,218.66.247.139,ICMP,1105,4583,2614,FIN,0
2025-07-23 23:41:05,138.231.30.227,66.102.128.110,UDP,767,2479,2829,RST,0
2025-07-23 23:41:05,24.197.153.73,156.74.87.199,ICMP,1436,863,314,ACK,0
2025-07-23 23:41:05,80.210.122.123,175.142.208.112,UDP,1381,3083,3675,,0
2025-07-23 23:41:05,19.231.97.115,109.55.160.187,ICMP,1056,3733,590,SYN,0
2025-07-23 23:41:05,176.245.166.128,20.42.230.72,UDP,567,520,1095,ACK,0
2025-07-23 23:41:05,105.29.220.167,9.23.115.151,ICMP,928,2784,1396,ACK,0
2025-07-23 23:41:05,229.80.171.144,62.140.54.55,TCP,1300,3506,4896,,1
2025-07-23 23:41:05,5.140.34.49,254.71.170.131,TCP,565,3169,3681,,0
2025-07-23 23:41:05,229.233.195.150,30.143.135.31,TCP,219,4534,1428,FIN,0
2025-07-23 23:41:05,248.229.90.80,178.85.147.39,UDP,1337,931,2804,RST,1
2025-07-23 23:41:05,27.157.90.32,173.250.20.194,ICMP,670,3671,4120,SYN,1
2025-07-23 23:41:05,202.8.15.164,186.20.231.33,UDP,309,793,4193,SYN,0
2025-07-23 23:41:05,124.211.198.253,236.147.227.145,TCP,1087,2771,202,ACK,0
2025-07-23 23:41:05,99.241.99.50,251.60.141.137,UDP,1057,4487,1040,ACK,0
2025-07-23 23:41:05,174.198.178.34,125.91.82.130,ICMP,139,2021,583,SYN,0
2025-07-23 23:41:05,91.59.15.87,104.240.33.85,TCP,1000,3769,3273,SYN,0
2025-07-23 23:41:05,3.204.14.98,10.177.181.235,ICMP,1033,2991,560,SYN,0
2025-07-23 23:41:05,21.156.1.173,219.199.103.25,ICMP,699,3950,2444,,1
2025-07-23 23:41:05,88.105.56.93,106.244.214.20,TCP,717,3587,1062,ACK,0
2025-07-23 23:41:05,254.248.163.148,102.254.14.171,UDP,687,1331,3432,FIN,0
2025-07-23 23:41:05,14.212.128.189,107.79.58.81,TCP,839,1027,4846,SYN,0
2025-07-23 23:41:05,246.139.124.37,34.109.127.175,UDP,1058,1293,237,,0
2025-07-23 23:41:05,251.223.138.243,122.77.111.86,ICMP,510,2516,1915,FIN,0
2025-07-23 23:41:05,210.103.107.50,54.116.98.100,ICMP,1492,292,2391,SYN,0
2025-07-23 23:41:05,157.96.165.192,173.60.221.107,UDP,501,585,3461,RST,1
2025-07-23 23:41:05,125.248.0.180,113.230.81.2,ICMP,58,1206,181,FIN,0
2025-07-23 23:41:05,135.94.212.104,97.7.231.190,UDP,1267,3642,293,ACK,0
2025-07-23 23:41:05,243.26.175.247,208.138.75.53,ICMP,1480,1971,1505,ACK,0
2025-07-23 23:41:05,239.212.98.183,205.130.113.119,UDP,1281,1280,2509,RST,0
2025-07-23 23:41:05,23.113.205.182,249.64.146.224,ICMP,825,76,196,SYN,0
2025-07-23 23:41:05,176.82.111.3,58.99.187.178,TCP,639,589,3872,RST,0
2025-07-23 23:41:05,141.18.113.65,162.42.168.228,TCP,1427,1461,3985,RST,1
2025-07-23 23:41:05,187.121.22.118,114.64.58.109,ICMP,818,4885,1264,SYN,0
2025-07-23 23:41:05,195.244.254.161,9.48.127.185,ICMP,605,4012,1808,ACK,0
2025-07-23 23:41:05,143.112.109.159,250.141.152.99,TCP,1332,1130,4064,RST,0
2025-07-23 23:41:05,237.153.139.218,153.51.236.206,TCP,616,576,3113,,0
2025-07-23 23:41:05,147.91.67.116,19.18.25.219,UDP,142,461,1118,SYN,0
2025-07-23 23:41:05,24.251.112.150,151.246.216.67,ICMP,840,1616,1750,FIN,1
2025-07-23 23:41:05,178.59.199.24,147.156.194.179,ICMP,362,2361,3086,,0
2025-07-23 23:41:05,237.188.226.125,160.85.154.168,TCP,1455,3541,2054,ACK,0
2025-07-23 23:41:05,218.218.105.51,241.141.194.227,ICMP,1397,3652,3723,ACK,0
2025-07-23 23:41:05,66.34.67.42,86.11.199.249,ICMP,548,1499,3833,ACK,0
2025-07-23 23:41:05,107.100.245.49,126.229.135.222,ICMP,594,140,1000,SYN,0
2025-07-23 23:41:05,102.13.143.104,215.183.160.160,TCP,122,828,4839,SYN,0
2025-07-23 23:41:05,111.93.160.114,174.71.24.63,UDP,614,3947,3711,ACK,0
2025-07-23 23:41:05,154.61.138.77,185.91.80.219,UDP,877,3683,556,SYN,0
2025-07-23 23:41:05,169.229.10.112,178.11.5.254,ICMP,109,298,2682,RST,1
2025-07-23 23:41:05,227.177.104.131,123.209.235.96,ICMP,1222,3639,787,,0
2025-07-23 23:41:05,43.55.173.15,191.110.11.64,ICMP,217,624,4297,FIN,0
2025-07-23 23:41:05,154.220.22.120,165.55.217.23,TCP,266,3883,3484,ACK,0
2025-07-23 23:41:05,33.115.199.113,220.146.39.35,TCP,117,4880,3344,RST,0
2025-07-23 23:41:05,138.83.34.205,168.225.41.179,TCP,476,677,663,RST,1
2025-07-23 23:41:05,25.40.180.184,164.218.42.34,TCP,723,1081,1299,RST,0
2025-07-23 23:41:05,110.225.28.89,115.111.145.163,TCP,1243,313,4394,,0
2025-07-23 23:41:05,55.28.51.98,8.146.75.35,TCP,1280,1288,3429,,0
2025-07-23 23:41:05,55.30.19.85,172.52.34.59,ICMP,122,709,3924,SYN,0
2025-07-23 23:41:05,230.54.26.108,185.231.248.192,ICMP,281,4786,778,SYN,0
2025-07-23 23:41:05,247.6.155.205,23.30.200.209,UDP,739,2453,2768,SYN,0
2025-07-23 23:41:05,94.110.116.4,164.73.91.106,UDP,1259,937,644,SYN,0
2025-07-23 23:41:05,87.137.9.231,253.190.53.234,ICMP,1028,4017,2736,SYN,1
2025-07-23 23:41:05,36.234.171.119,67.215.251.43,ICMP,686,3317,3467,FIN,0
2025-07-23 23:41:05,160.177.53.87,205.31.251.29,TCP,1318,3846,4984,FIN,0
2025-07-23 23:41:05,166.254.129.69,77.238.160.158,ICMP,90,121,3086,FIN,0
2025-07-23 23:41:05,51.226.114.19,26.252.50.234,ICMP,90,2880,692,SYN,0
2025-07-23 23:41:05,46.224.68.54,10.125.190.157,TCP,198,1071,1338,RST,0
2025-07-23 23:41:05,198.154.244.168,123.136.216.138,UDP,748,3485,4698,RST,0
2025-07-23 23:41:05,255.252.71.9,53.195.214.194,TCP,888,4733,2540,,0
2025-07-23 23:41:05,202.163.67.146,209.141.20.18,TCP,853,4651,1012,FIN,0
2025-07-23 23:41:05,172.243.7.237,69.147.73.84,UDP,967,1890,1804,FIN,0
2025-07-23 23:41:05,18.116.126.143,52.233.144.10,UDP,77,393,938,FIN,0
2025-07-23 23:41:05,232.73.86.191,221.60.173.37,ICMP,1497,1701,857,SYN,0
2025-07-23 23:41:05,60.22.208.246,141.2.182.218,ICMP,341,4849,180,RST,0
2025-07-23 23:41:05,253.12.191.133,192.205.95.138,ICMP,99,4018,3275,SYN,1
2025-07-23 23:41:05,161.180.24.13,12.160.233.174,TCP,1051,4711,2099,FIN,1
2025-07-23 23:41:05,69.130.127.125,181.166.150.165,UDP,380,2650,694,ACK,0
2025-07-23 23:41:05,161.90.242.241,155.44.185.213,TCP,1078,1734,71,RST,1
2025-07-23 23:41:05,156.79.94.179,181.94.168.60,UDP,397,3117,4057,RST,1
2025-07-23 23:41:05,78.85.77.186,99.244.239.18,ICMP,841,2695,125,FIN,0
2025-07-23 23:41:05,68.99.133.2,92.93.12.119,ICMP,307,1178,987,RST,0
2025-07-23 23:41:05,117.108.141.185,113.51.137.75,UDP,1439,2215,3367,ACK,0
2025-07-23 23:41:05,129.105.84.112,74.126.28.113,ICMP,1030,3114,904,RST,1
2025-07-23 23:41:05,191.10.115.53,194.200.38.21,ICMP,1163,4757,4757,RST,0
2025-07-23 23:41:05,2.30.152.140,126.149.16.52,ICMP,1110,4033,4985,FIN,0
2025-07-23 23:41:05,15.223.96.221,155.14.254.107,UDP,1329,107,3141,SYN,1
2025-07-23 23:41:05,112.123.90.245,129.36.32.203,TCP,673,3062,2199,ACK,0
2025-07-23 23:41:05,133.107.73.168,250.60.125.212,UDP,1303,1611,1447,,0
2025-07-23 23:41:05,0.244.19.162,38.72.52.52,ICMP,1418,966,3994,,1
2025-07-23 23:41:05,253.18.195.87,236.173.236.110,ICMP,982,562,234,RST,0
2025-07-23 23:41:05,223.194.121.145,181.245.26.37,UDP,135,2052,1118,ACK,1
2025-07-23 23:41:05,56.22.61.249,190.64.140.146,UDP,111,2881,411,RST,0
2025-07-23 23:41:05,63.210.235.200,150.157.117.222,TCP,1401,2923,4987,FIN,0
2025-07-23 23:41:05,68.35.219.38,68.196.92.201,TCP,1232,1239,114,RST,0
2025-07-23 23:41:05,75.233.30.236,211.149.151.69,TCP,339,3826,992,SYN,0
2025-07-23 23:41:05,154.54.200.192,122.225.242.243,UDP,724,2944,1655,SYN,0
2025-07-23 23:41:05,154.59.238.96,2.101.156.32,ICMP,132,2147,2492,FIN,0
2025-07-23 23:41:05,0.161.203.221,14.155.30.105,UDP,918,340,1846,RST,1
2025-07-23 23:41:05,132.173.7.121,160.55.133.74,UDP,858,4653,2438,,0
2025-07-23 23:41:05,156.160.255.155,3.238.68.177,UDP,598,667,3278,,0
2025-07-23 23:41:05,84.200.15.18,234.222.178.59,UDP,264,4807,1439,SYN,0
2025-07-23 23:41:05,36.57.223.18,48.130.79.16,TCP,1348,2323,2512,RST,0
2025-07-23 23:41:05,106.156.163.85,123.146.21.248,TCP,649,333,3605,FIN,0
2025-07-23 23:41:05,103.96.177.191,23.43.72.183,ICMP,1114,978,4241,,0
2025-07-23 23:41:05,91.207.23.115,253.131.24.254,ICMP,578,3934,2233,ACK,0
2025-07-23 23:41:05,208.240.215.47,111.15.81.209,ICMP,1458,3298,2784,RST,0
2025-07-23 23:41:05,191.140.180.83,177.240.218.17,ICMP,438,1773,3201,RST,1
2025-07-23 23:41:05,95.150.107.93,245.150.118.89,TCP,116,3375,3738,ACK,0
2025-07-23 23:41:05,92.2.131.157,204.216.250.47,ICMP,80,941,3217,SYN,1
2025-07-23 23:41:05,163.131.90.218,17.110.191.196,TCP,1061,3579,254,SYN,1
2025-07-23 23:41:05,148.90.206.119,118.58.203.75,ICMP,736,629,2880,RST,0
2025-07-23 23:41:05,58.226.130.21,213.30.114.42,UDP,977,159,2477,ACK,0
2025-07-23 23:41:05,128.107.138.192,185.123.44.31,TCP,301,3820,1628,FIN,0
2025-07-23 23:41:05,9.175.233.136,169.21.195.69,UDP,835,2420,1486,SYN,0
2025-07-23 23:41:05,140.108.187.119,159.113.154.29,TCP,1219,3804,1298,,0
2025-07-23 23:41:05,7.198.33.61,65.81.63.246,TCP,120,4672,376,RST,0
2025-07-23 23:41:05,177.6.254.65,202.14.145.29,ICMP,705,1078,1839,,0
2025-07-23 23:41:05,93.199.183.176,132.220.95.226,TCP,1162,4741,759,FIN,0
2025-07-23 23:41:05,11.226.228.15,235.123.104.85,TCP,87,766,3283,ACK,0
2025-07-23 23:41:05,52.125.13.224,108.14.149.181,TCP,1232,1315,2528,ACK,0
2025-07-23 23:41:05,85.90.104.60,43.141.210.14,TCP,1038,3357,183,,1
2025-07-23 23:41:05,20.222.188.112,199.83.178.112,ICMP,144,2635,4917,RST,0
2025-07-23 23:41:05,170.57.103.51,224.11.1.40,ICMP,969,1203,4332,FIN,0
2025-07-23 23:41:05,42.77.157.177,81.227.231.71,UDP,1235,504,2419,FIN,0
2025-07-23 23:41:05,160.74.170.38,10.243.72.246,ICMP,694,918,423,RST,0
2025-07-23 23:41:05,145.75.14.163,141.50.41.101,TCP,390,4997,45,RST,0
2025-07-23 23:41:05,36.216.70.95,51.207.120.201,ICMP,1345,3695,1419,ACK,0
